순위,관광지명,주소,분류,
1,무진정,경남 함안군 괴산4길 25-0,역사관광지,경상남도 함안군
2,입곡군립공원,경남 함안군,자연관광지,경상남도 함안군
3,악양생태공원,경남 함안군,자연관광지,경상남도 함안군
4,악양둑방,경남 함안군,레포츠(육상/해상/항공),경상남도 함안군
5,함안연꽃테마파크,경남 함안군,자연관광지,경상남도 함안군
6,악양둑방,경남 함안군,레저스포츠,경상남도 함안군
7,악양생태공원,경남 함안군,문화관광,경상남도 함안군
8,함안말이산고분군,경남 함안군,역사관광지,경상남도 함안군
9,무진정,경남 함안군 괴산4길 25-0,역사관광,경상남도 함안군
10,입곡군립공원,경남 함안군,문화관광,경상남도 함안군
11,가야시장,경남 함안군 가야7길 9-7,쇼핑,경상남도 함안군
12,함안박물관,경남 함안군 고분길 153-31,문화시설,경상남도 함안군
13,입곡문화공원,경남 함안군,자연관광지,경상남도 함안군
14,트라이얼마트/함안점,경남 함안군 함마대로 1636-16,쇼핑,경상남도 함안군
15,고려동유적지,경남 함안군 모곡2길 37-4,역사관광지,경상남도 함안군
16,함안연꽃테마파크,경남 함안군,문화관광,경상남도 함안군
17,마애사,경남 함안군 하림2길 181-78,역사관광지,경상남도 함안군
18,골프존카운티경남,경남 함안군 운무로 470-0,레포츠(육상/해상/항공),경상남도 함안군
19,강주해바라기축제,경남 함안군 강주4길 37-0,기타관광지,경상남도 함안군
20,함주공원,경남 함안군 함안대로 619-1,자연관광지,경상남도 함안군
21,함안말이산고분군,경남 함안군,역사관광,경상남도 함안군
22,함안박물관,경남 함안군 고분길 153-31,문화관광,경상남도 함안군
23,다이소/함안점,경남 함안군 남경길 30-0,쇼핑,경상남도 함안군
24,함안강나루생태공원,경남 함안군,자연관광지,경상남도 함안군
25,함안군승마공원,경남 함안군 봉수로 478-0,레포츠(육상/해상/항공),경상남도 함안군
26,함안군공설운동장,경남 함안군 함안대로 619-1,기타관광지,경상남도 함안군
27,봉성저수지,경남 함안군,자연관광지,경상남도 함안군
28,악양루,경남 함안군 대법로 331-1,역사관광지,경상남도 함안군
29,함안대체력단련장,경남 함안군 함마대로 1065-0,레포츠(육상/해상/항공),경상남도 함안군
30,함안강나루생태공원,경남 함안군,문화관광,경상남도 함안군
31,그린DC마트/칠원점,경남 함안군 삼칠로 147-0,쇼핑,경상남도 함안군
32,함안군승마공원,경남 함안군 봉수로 478-0,레저스포츠,경상남도 함안군
33,입곡군립공원/출렁다리,경남 함안군,기타관광지,경상남도 함안군
34,칠원골프랜드,경남 함안군 오곡로 131-1,레포츠(육상/해상/항공),경상남도 함안군
35,함주공원,경남 함안군 함안대로 619-1,문화관광,경상남도 함안군
36,하나로마트/함안축협본점,경남 함안군 함안대로 524-0,쇼핑,경상남도 함안군
37,별천계곡,경남 함안군 주동2길 0-0,자연관광지,경상남도 함안군
38,능가사,경남 함안군 계내1길 107-0,역사관광지,경상남도 함안군
39,입곡문화공원,경남 함안군,문화관광,경상남도 함안군
40,고려동유적지,경남 함안군 모곡2길 37-4,역사관광,경상남도 함안군
41,아라청소년수련원,경남 함안군 장백로 891-0,레포츠(육상/해상/항공),경상남도 함안군
42,입곡지,경남 함안군,자연관광지,경상남도 함안군
43,마애사,경남 함안군 하림2길 181-78,역사관광,경상남도 함안군
44,함안식자재마트,경남 함안군 함안대로 601-0,쇼핑,경상남도 함안군
45,만평골프랜드,경남 함안군 경남대로 1691-0,레포츠(육상/해상/항공),경상남도 함안군
46,함안체육관,경남 함안군 함안대로 619-4,기타관광지,경상남도 함안군
47,골프존카운티경남,경남 함안군 운무로 470-0,레저스포츠,경상남도 함안군
48,하나로마트/함안가야농협,경남 함안군 함안대로 539-0,쇼핑,경상남도 함안군
49,함안향교,경남 함안군 덕암길 103-0,역사관광지,경상남도 함안군
50,능가사,경남 함안군 계내1길 107-0,역사관광,경상남도 함안군
51,함안무기연당,경남 함안군 무기1길 33-0,역사관광지,경상남도 함안군
52,풀마트/군북점,경남 함안군 함마대로 821-0,쇼핑,경상남도 함안군
53,경남FC프로축구단/클럽하우스,경남 함안군 함안대로 619-3,기타관광지,경상남도 함안군
54,함안대체력단련장,경남 함안군 함마대로 1065-0,레저스포츠,경상남도 함안군
55,악양루,경남 함안군 대법로 331-1,역사관광,경상남도 함안군
56,어메이징캠프/함안점,경남 함안군 입곡공원길 224-71,레포츠(육상/해상/항공),경상남도 함안군
57,천궁사,경남 함안군 상광길 37-28,역사관광지,경상남도 함안군
58,천궁사,경남 함안군 상광길 37-28,역사관광,경상남도 함안군
59,함안야구장,경남 함안군,기타관광지,경상남도 함안군
60,헤이리치타조농장,경남 함안군,레포츠(육상/해상/항공),경상남도 함안군
61,봉성저수지,경남 함안군,자연관광,경상남도 함안군
62,금풍마트/법수점,경남 함안군 법수로 581-0,쇼핑,경상남도 함안군
63,함안군작은영화관,경남 함안군 가야12길 12-0,문화관광,경상남도 함안군
64,어메이징캠프/함안점,경남 함안군 입곡공원길 224-71,레저스포츠,경상남도 함안군
65,함안공설운동장/수박구장,경남 함안군,기타관광지,경상남도 함안군
66,입곡저수지드라이브길,경남 함안군 입곡공원길 0-0,기타관광지,경상남도 함안군
67,입곡지,경남 함안군,자연관광,경상남도 함안군
68,국군복지단/충무마트,경남 함안군 함마대로 848-0,쇼핑,경상남도 함안군
69,장춘사,경남 함안군 북원로 110-1,역사관광지,경상남도 함안군
70,다이소/함안칠원점,경남 함안군 용산2길 40-0,쇼핑,경상남도 함안군
71,별천계곡,경남 함안군 주동2길 0-0,자연관광,경상남도 함안군
72,함안문화원,경남 함안군,문화시설,경상남도 함안군
73,장춘사,경남 함안군 북원로 110-1,역사관광,경상남도 함안군
74,경남풋살구장,경남 함안군 모곡5길 165-1,쇼핑,경상남도 함안군
75,함안스포츠타운,경남 함안군,기타관광지,경상남도 함안군
76,함안군작은영화관,경남 함안군 가야12길 12-0,공연/행사,경상남도 함안군
77,챔피언골프연습장,경남 함안군 오곡로 167-0,레포츠(육상/해상/항공),경상남도 함안군
78,헤이리치타조농장,경남 함안군,체험관광,경상남도 함안군
79,함안수박축제,경남 함안군 함안대로 619-1,문화관광,경상남도 함안군
80,입곡군립공원/출렁다리,경남 함안군,기타관광,경상남도 함안군
81,홀마트/함안점,경남 함안군 가야로 72-0,쇼핑,경상남도 함안군
82,흥복사,경남 함안군 우거남길 118-98,역사관광,경상남도 함안군
83,여항산금계마을문화센터,경남 함안군 여항로 201-10,문화시설,경상남도 함안군
84,함안야구장,경남 함안군,문화관광,경상남도 함안군
85,칠원골프랜드,경남 함안군 오곡로 131-1,레저스포츠,경상남도 함안군
86,가야아라시장,경남 함안군 중앙북길 16-12,쇼핑,경상남도 함안군
87,말이산고분전시관,경남 함안군 삼기길 91-0,문화시설,경상남도 함안군
88,대산시장,경남 함안군 대산중앙4길 60-0,쇼핑,경상남도 함안군
89,아라청소년수련원,경남 함안군 장백로 891-0,레저스포츠,경상남도 함안군
90,함안군립칠원도서관,경남 함안군 원서로 56-0,문화시설,경상남도 함안군
91,피카그린,경남 함안군 서봉로 274-1,체험관광,경상남도 함안군
92,함안수박축제,경남 함안군 함안대로 619-1,기타관광지,경상남도 함안군
93,스카이이공골프랜드,경남 함안군 삼봉로 425-0,레포츠(육상/해상/항공),경상남도 함안군
94,칠원공설시장,경남 함안군,쇼핑,경상남도 함안군
95,이태준기념관,경남 함안군 지두2길 50-0,문화시설,경상남도 함안군
96,레이크힐스경남CC,경남 함안군 운무로 470-0,레포츠(육상/해상/항공),경상남도 함안군
97,말이산고분전시관,경남 함안군 삼기길 91-0,문화관광,경상남도 함안군
98,용화사,경남 함안군 영운2길 192-0,역사관광,경상남도 함안군
99,세븐일레븐/함안일등점,경남 함안군 북촌3길 101-0,쇼핑,경상남도 함안군
100,입곡군립공원/아라힐링카페,경남 함안군,레저스포츠,경상남도 함안군
