鉴困,包堡瘤疙,林家,盒幅,
1,劝苛悼奔,面合 面林矫 格国救辨 26-0,磊楷包堡瘤,面没合档 面林矫
2,吝居啪傍盔,面合 面林矫,磊楷包堡瘤,面没合档 面林矫
3,捞付飘/面林痢,面合 面林矫 吝盔措肺 3420-0,碱俏,面没合档 面林矫
4,藕陛措傍盔,面合 面林矫,磊楷包堡瘤,面没合档 面林矫
5,吩单付飘/面林痢,面合 面林矫 豪拌1辨 49-0,碱俏,面没合档 面林矫
6,荐林迫豪,面合 面林矫,磊楷包堡瘤,面没合档 面林矫
7,公切矫厘,面合 面林矫 公切1辨 15-0,碱俏,面没合档 面林矫
8,面林达傈噶措,面合 面林矫,扁鸥包堡瘤,面没合档 面林矫
9,面林龋急馒厘,面合 面林矫,磊楷包堡瘤,面没合档 面林矫
10,促捞家/过盔荤芭府面林痢,面合 面林矫 惫盔措肺 118-0,碱俏,面没合档 面林矫
11,面林龋免贩促府,面合 面林矫,扁鸥包堡瘤,面没合档 面林矫
12,劝苛悼奔,面合 面林矫 格国救辨 26-0,磊楷包堡,面没合档 面林矫
13,面林磊蜡矫厘,面合 面林矫 磊蜡矫厘辨 30-0,碱俏,面没合档 面林矫
14,荐林迫豪具康瘤,面合 面林矫,饭器明(腊惑/秦惑/亲傍),面没合档 面林矫
15,面林达拱巩拳包,面合 面林矫 瘤殿肺 745-0,巩拳矫汲,面没合档 面林矫
16,葛促酒匡房/面林痢,面合 面林矫 吝盔措肺 3683-0,碱俏,面没合档 面林矫
17,吝居啪傍盔,面合 面林矫,巩拳包堡,面没合档 面林矫
18,辆大捞辨,面合 面林矫,饭器明(腊惑/秦惑/亲傍),面没合档 面林矫
19,促捞家/面林磨陛痢,面合 面林矫 锅康措肺 30-0,碱俏,面没合档 面林矫
20,权付飘,面合 面林矫 扁诀档矫肺 26-0,碱俏,面没合档 面林矫
21,面林技拌公贱傍盔,面合 面林矫 巢茄碍肺 24-0,磊楷包堡瘤,面没合档 面林矫
22,荐救焊柯玫罚靛,面合 面林矫 林沥魂肺 32-0,绒剧包堡瘤,面没合档 面林矫
23,厚郴级,面合 面林矫,磊楷包堡瘤,面没合档 面林矫
24,促捞家/面林痢,面合 面林矫 面牢2辨 1-0,碱俏,面没合档 面林矫
25,面林藕陛措,面合 面林矫 藕陛措救辨 105-0,开荤包堡瘤,面没合档 面林矫
26,藕陛措傍盔,面合 面林矫,巩拳包堡,面没合档 面林矫
27,烙其府倔饭捞农CC,面合 面林矫 促贰匡辨 52-0,饭器明(腊惑/秦惑/亲傍),面没合档 面林矫
28,面林矫丑荐魂拱档概矫厘,面合 面林矫 格青魂窜5肺 54-0,碱俏,面没合档 面林矫
29,面林绊备妨厚傈矫包,面合 面林矫 皑畴肺 2319-0,巩拳矫汲,面没合档 面林矫
30,面林扼官罚靛,面合 面林矫 巢茄碍肺 30-0,绒剧包堡瘤,面没合档 面林矫
31,棵单捞CC,面合 面林矫,饭器明(腊惑/秦惑/亲傍),面没合档 面林矫
32,荐救焊包堡救郴家,面合 面林矫 林沥魂肺 12-0,扁鸥包堡瘤,面没合档 面林矫
33,吝居绢匡覆矫厘,面合 面林矫 抗己肺 168-0,碱俏,面没合档 面林矫
34,伙己傈磊辑厚胶/面林季磐,面合 面林矫 陛豪措肺 182-0,碱俏,面没合档 面林矫
35,畴宏罚靛/面林龋鞠痢,面合 面林矫 龋鞠配己4辨 3-0,碱俏,面没合档 面林矫
36,荐林迫豪,面合 面林矫,磊楷包堡,面没合档 面林矫
37,侥磊犁空档概付飘/面林痢,面合 面林矫 陛豪措肺 96-0,碱俏,面没合档 面林矫
38,措康鳃胶CC,面合 面林矫 己辆滴淬辨 114-0,饭器明(腊惑/秦惑/亲傍),面没合档 面林矫
39,籍辆荤,面合 面林矫 流悼辨 271-56,开荤包堡瘤,面没合档 面林矫
40,坷锹冠胶/面林痢,面合 面林矫 曝绊府魂辨 91-0,碱俏,面没合档 面林矫
41,面林辆钦款悼厘,面合 面林矫 措覆肺 85-0,扁鸥包堡瘤,面没合档 面林矫
42,肺锯器饭CC,面合 面林矫 拳摹3辨 35-0,饭器明(腊惑/秦惑/亲傍),面没合档 面林矫
43,面林达傈噶措,面合 面林矫,巩拳包堡,面没合档 面林矫
44,面林坷措龋酒飘蒲配府,面合 面林矫 啊邦肺 1434-0,巩拳矫汲,面没合档 面林矫
45,CGV/面林背泅,面合 面林矫 惫盔措肺 107-0,傍楷/青荤,面没合档 面林矫
46,面林荐林迫豪傈噶措,面合 面林矫,扁鸥包堡瘤,面没合档 面林矫
47,措康海捞胶CC,面合 面林矫 己辆滴淬辨 113-0,饭器明(腊惑/秦惑/亲傍),面没合档 面林矫
48,欧胶单老榜橇努反,面合 面林矫 扁诀档矫3肺 2-0,饭器明(腊惑/秦惑/亲傍),面没合档 面林矫
49,悼锰GC,面合 面林矫 皑畴肺 1327-0,饭器明(腊惑/秦惑/亲傍),面没合档 面林矫
50,面林龋孩采辨,面合 面林矫 瘤殿肺 0-0,扁鸥包堡瘤,面没合档 面林矫
51,居己藕魂柯玫,面合 面林矫 啊邦肺 1457-0,绒剧包堡瘤,面没合档 面林矫
52,龋鞠瘤积怕傍盔,面合 面林矫,磊楷包堡瘤,面没合档 面林矫
53,面林傍魄厘/夯痢,面合 面林矫 荤流肺 286-0,碱俏,面没合档 面林矫
54,格拌唱风磐,面合 面林矫 备锋肺 0-0,磊楷包堡瘤,面没合档 面林矫
55,蜡聪努肺/面林痢,面合 面林矫 拌疙措肺 191-0,碱俏,面没合档 面林矫
56,瓷鞠柯玫罚靛,面合 面林矫 货官瘤辨 37-0,绒剧包堡瘤,面没合档 面林矫
57,老饭红CC,面合 面林矫 合何肺 980-0,饭器明(腊惑/秦惑/亲傍),面没合档 面林矫
58,面林龋急馒厘,面合 面林矫,扁鸥包堡,面没合档 面林矫
59,窍唱肺付飘/面合盔抗丑蛆痢,面合 面林矫 锅康措肺 229-0,碱俏,面没合档 面林矫
60,啪刨/面林楷荐痢,面合 面林矫 拌疙措肺 209-0,碱俏,面没合档 面林矫
61,季抛府框CC,面合 面林矫 贾绊俺肺 750-0,饭器明(腊惑/秦惑/亲傍),面没合档 面林矫
62,面林目乔冠拱包,面合 面林矫 岿厩肺 432-0,巩拳矫汲,面没合档 面林矫
63,促捞家/辑面林痢,面合 面林矫 盔居9辨 18-2,碱俏,面没合档 面林矫
64,畴宏罚靛/面林吝居啪痢,面合 面林矫 扁诀档矫肺 222-0,碱俏,面没合档 面林矫
65,固袱措盔瘤,面合 面林矫,开荤包堡瘤,面没合档 面林矫
66,己面巩备,面合 面林矫 陛豪措肺 429-0,碱俏,面没合档 面林矫
67,葛带窍快胶/面林痢,面合 面林矫 陛豪措肺 350-1,碱俏,面没合档 面林矫
68,面林磊楷积怕眉氰包,面合 面林矫 瘤殿肺 260-0,巩拳矫汲,面没合档 面林矫
69,面林矫赋档辑包,面合 面林矫 抗己肺 207-0,巩拳矫汲,面没合档 面林矫
70,龋鞠瘤,面合 面林矫,磊楷包堡瘤,面没合档 面林矫
71,窍唱肺付飘/林傣丑蛆,面合 面林矫 脚剧肺 34-0,碱俏,面没合档 面林矫
72,辆大捞辨,面合 面林矫,饭历胶器明,面没合档 面林矫
73,窍唱肺付飘/面林绵蛆救覆痢,面合 面林矫 陛豪措肺 366-1,碱俏,面没合档 面林矫
74,面林藕陛龋惫力炼沥版扁厘,面合 面林矫 吝居啪辨 150-0,饭器明(腊惑/秦惑/亲傍),面没合档 面林矫
75,伙藕蜡盔瘤,面合 面林矫,绒剧包堡瘤,面没合档 面林矫
76,豪炔磊楷绒剧覆,面合 面林矫 荐锋豪炔辨 540-0,磊楷包堡瘤,面没合档 面林矫
77,窍唱肺付飘/面林绵蛆夯痢,面合 面林矫 抗己肺 256-0,碱俏,面没合档 面林矫
78,GS歹橇饭矫/面林楷荐痢,面合 面林矫 陛邦肺 61-0,碱俏,面没合档 面林矫
79,面林绊备妨玫巩苞切包,面合 面林矫 功邦郴悼辨 100-0,巩拳矫汲,面没合档 面林矫
80,巩己磊楷绒剧覆,面合 面林矫 快己1辨 191-0,磊楷包堡瘤,面没合档 面林矫
81,面林眉腊包,面合 面林矫 抗己肺 266-0,扁鸥包堡瘤,面没合档 面林矫
82,面林达拱巩拳包,面合 面林矫 瘤殿肺 745-0,巩拳包堡,面没合档 面林矫
83,面林扼官罚靛,面合 面林矫 巢茄碍肺 30-0,巩拳包堡,面没合档 面林矫
84,技老CC,面合 面林矫 悼遏辨 207-0,饭器明(腊惑/秦惑/亲傍),面没合档 面林矫
85,窍唱肺付飘/荐救焊丑蛆夯痢,面合 面林矫 柯玫吝居辨 5-0,碱俏,面没合档 面林矫
86,荐救焊柯玫罚靛,面合 面林矫 林沥魂肺 32-0,眉氰包堡,面没合档 面林矫
87,面林龋免贩促府,面合 面林矫,扁鸥包堡,面没合档 面林矫
88,惫赋面林扁惑苞切包,面合 面林矫 锅康措肺 270-10,巩拳矫汲,面没合档 面林矫
89,吩单酱欺/磨陛痢,面合 面林矫 磨陛12辨 51-0,碱俏,面没合档 面林矫
90,胶鸥CC,面合 面林矫 惑措锰1辨 198-0,饭器明(腊惑/秦惑/亲傍),面没合档 面林矫
91,滴盔府欺宏/面林痢,面合 面林矫 藕陛措肺 58-0,碱俏,面没合档 面林矫
92,面林绊备妨厚傈矫包,面合 面林矫 皑畴肺 2319-0,巩拳包堡,面没合档 面林矫
93,面林技拌公贱傍盔,面合 面林矫 巢茄碍肺 24-0,巩拳包堡,面没合档 面林矫
94,龋鞠眉腊包,面合 面林矫 吝盔措肺 3306-0,扁鸥包堡瘤,面没合档 面林矫
95,拌疙魂磊楷绒剧覆,面合 面林矫 面林龋荐肺 1170-0,磊楷包堡瘤,面没合档 面林矫
96,柳剧榜橇楷嚼厘,面合 面林矫 曝绊府魂辨 77-11,饭器明(腊惑/秦惑/亲傍),面没合档 面林矫
97,吩单窍捞付飘/面林楷荐痢,面合 面林矫 拌疙措肺 214-0,碱俏,面没合档 面林矫
98,榜橇粮颇农/楷荐局敲胶农赴痢,面合 面林矫 悼荐11辨 12-0,饭器明(腊惑/秦惑/亲傍),面没合档 面林矫
99,吝盔GC,面合 面林矫 牢殿肺 392-0,饭器明(腊惑/秦惑/亲傍),面没合档 面林矫
100,面林藕陛措,面合 面林矫 藕陛措救辨 105-0,开荤包堡,面没合档 面林矫
