destination,id
덕포해수욕장,127939
백천사(사천),127796
달실마을,127035
설악워터피아,126714
이호테우해변,126448
석남사(울산),126184
고성 왕곡마을,125804
연천 숭의전지,125540
영종도,125501
석포전망대,1136251
여수해양레일바이크,1997322
국립생태원(서천),1922640
경기 남양주 조안 [슬로시티],1856950
운주산승마자연휴양림,1839066
안성 남사당 공연장,130547
공주 갑사 철당간,129557
고창 무장현 관아와 읍성,128766
영진해변,128728
모래시계공원,128721
익산미륵사지[유네스코세계유산],127977
월곶면민만세운동유적비,753827
연꽃테마파크,710258
백석탄 포트홀 (청송 국가지질공원),2539427
청주가로수길,2518648
상수동 카페거리,2500207
술샘박물관,2401115
문성자연휴양림,2022050
다솔사(경남),126182
동화사(대구),126160
속초관광수산시장,1260275
노화도,1510796
부산자갈치시장,132190
국립남도국악원,130861
용연사(대구),129673
강화 화문석마을,129291
주문도,129283
울릉도 등대(태하등대),129177
63스퀘어,127699
와우정사(용인),127675
뿌리공원,126838
횡계 오삼불고기 거리,713074
도순다원,2617714
아산시온천관광특구,1958051
옥류각,1622660
봉래구곡,1608785
조금나루해수욕장,126616
중리해수욕장,126304
장복산조각공원,126138
화진해수욕장,126094
보은법주사[유네스코세계문화유산],125906
국제시장,132191
소양강처녀상,129416
거금도,128920
대항어촌체험휴양마을,128564
죽주산성,128287
화천 비목공원,127965
곽지해수욕장,127870
곰소항,127690
국립 남해편백자연휴양림,126959
화도진지,126836
지림사(봉화),481853
선석사(경북),319485
황학동 벼룩시장 (도깨비시장 / 만물시장),273746
안동시장 찜닭골목,2611137
완주삼례문화예술촌,2469088
형도,2377667
김포대명항,228863
원마운트스노우파크,1845517
태백산국립공원,125590
수원화성[유네스코세계문화유산],125555
부평시장(깡통시장),1878218
순천시립 뿌리깊은나무 박물관,1799099
용담호,1627890
신두리해수욕장,128908
"화성 융릉(장조,헌경왕후)과 건릉(정조,효의왕후) [유네스코 세계문화유산]",127447
와룡자연휴양림,126964
서울랜드,126719
서울선릉(성종과정현왕후)과정릉(중종)[유네스코세계문화유산],126525
대구앞산공원,126132
진해내수면환경생태공원,1260799
공덕동 족발 골목,749192
계류리 예술창고,2570324
멍우리 협곡 (한탄강 국가지질공원),2570170
안면도미로공원,2515792
진부령미술관,2514804
이순신공원(여수),2511362
영월미디어기자박물관,2401139
독도,126106
진천농다리,125973
제암산,1246089
창원의집,130318
용소막성당,129683
문경 오미자체험마을,129478
실미해수욕장,129253
도동항,128768
김포국제조각공원,127960
초곡해수욕장,127729
동강(정선),127084
백운산자연휴양림,126960
서울 방이동 고분군,126515
한려수도조망케이블카,533874
메타프로방스,2652577
피규어뮤지엄 제주,2606211
제주다원 녹차미로공원,2602774
강화 서도 중앙교회,250326
충주세계무술공원,2435097
수안보온천관광특구,1958101
칠보물테마유원지,1627632
단재 신채호선생생가지,1623995
해녀박물관,130857
동학농민혁명기념관,775041
제주별빛누리공원,745313
까치울먹거리촌(작동먹거리촌),611883
미시령계곡,127903
천호공원,127376
운장산자연휴양림,127169
망월사(경기),127029
내소사(부안),126352
무릉계곡,125677
오두산통일전망대,125583
중흥 골드스파&리조트 워터락,228876
대림중앙시장,2037026
거제씨월드,2001650
의성마늘장터 (의성명품마늘영농조합법인),1980985
염포해수욕장,1623658
창원시립마산박물관,130421
삼정해수욕장,129160
후포해수욕장,129015
모사금해수욕장,128753
옥계해변,128176
제주마방목지,637212
서천 달고개모시마을,605616
망해암,304801
포천아트밸리,2464201
매월당김시습기념관,2398156
소금산,2390229
왕인박사유적지,126413
선운산(전북서해안권국가지질공원),126236
상족암군립공원,126232
계룡산국립공원,125817
어답산관광지,2380945
고산골 (사진찍기 좋은 녹색명소),2366500
제주4·3평화공원,1907801
아산 윤보선 대통령 생가,1627066
체화정,1621549
영평사,128876
금능석물원,127860
평택호관광단지,127562
"두곡, 월포해수욕장",126682
불암산,126482
오동근린공원,866393
춘천숲자연휴양림,645823
조도(조도6군도),553447
수원사(수원),486986
새천년해안도로,2610236
화천조경철천문대,2569512
상동리 석불좌상 및 삼층석탑,2518619
석모도 수목원,2490928
스포츠몬스터하남,2432831
정암해변,2400213
철원 철새도래지 (철원평야),127483
파로호(양구),126605
배알도 수변공원,126548
청도용암웰빙스파,126541
산방굴사(제주),126457
변산해수욕장,126287
주남저수지(철새도래지),126117
망양정해수욕장,126100
한탄강관광지,125520
백제문화단지,1103949
자만마을 벽화갤러리,2606603
섬이정원,2593258
금강로하스대청공원,2407303
동백동산,1906195
제천한방엑스포공원,1842147
울산테마식물수목원,1395991
송이도,1382445
한향림 현대도자미술관,130959
한국대나무박물관,129777
전곡선사박물관,1284966
교동도(강화),973055
광주-기아 챔피언스 필드,2033064
청매실농원,1342174
지도박물관,130744
만화방초,129423
여주 고달사지,127768
벽계구곡,127662
필암서원 [유네스코 세계문화유산],126402
보령 충청수영성,125923
믿거나 말거나 박물관,1145233
관악산공원야외식물원,756590
CICA 미술관,2642613
"도동 해안산책로 (울릉도, 독도 국가지질공원)",2614583
안동계명산자연휴양림,2564458
지산유원지,2563697
홍대 벽화거리,2500145
캠프 그리브스,2375571
경주문무대왕릉,126218
용주사(화성),125531
나인포레스트이화원,1060192
부사방조제,129622
무주 트리스쿨,129566
누리천문대,128730
경주동궁과월지,128526
최참판댁,127664
비슬리조트관광농원군불로,127491
꽃지해수욕장,126695
경희궁,126484
산굼부리,126474
천제연폭포,126439
십리벚꽃길,2514467
남원시옻칠공예관,2405364
영월종교미술박물관,2401141
황우지해안,2032460
경주 마우나오션 관광단지,1963773
유치환 우체통 전망대,1945300
천아오름,1895611
강화갯벌 및 저어새번식지,1705415
제주힐링명상센터 (무병장수테마파크),1206420
서천 이하복 고택,1055245
서벽 금강소나무 숲 (서벽 문화재용 목재생산림),129207
마라도 등대,129145
장호항,128965
적석산,128669
제주러브랜드,128556
주전몽돌해변,128200
대구수목원,128120
두타연(강원평화지역국가지질공원),126603
명사해수욕장,126577
백담사,125767
지죽도,579472
용화사(김포),346647
성이시돌목장,2606298
리빙스턴교,2518604
돼지박물관(돼지보러오면돼지),1798546
대구 달성습지,1646676
선진공원,1622479
강릉중앙시장,132771
대천항,129637
파주 장단콩마을,129397
세계자동차&피아노 박물관,596964
교동민화마을(관광두레 주민사업체),1927149
보령천북굴단지,1892320
마린파크,1841241
박달재,1626995
평강성서유물박물관,130720
나혜석거리,129191
명파해변,126776
뱀사골계곡,126269
황지연못,125740
청풍호반케이블카,2606296
대구하중도,2540131
메타세쿼이아가로수길,250094
효석문화마을,2404396
문헌서원,1955882
연평도(대/소 연평도),127412
용문사(남해),127203
어달해변,125708
전등사(강화),125534
조무락계곡,1059024
서귀포천문과학문화관,988207
송암스페이스센터,250376
낭도,2496315
한지공예관,2396855
국립해양생물자원관,2014616
달성 한일우호관,1761643
남포방조제,129441
태안 안면도 모감주나무군락,128906
남원 큰엉해안,128795
고성통일전망타워,128171
고삼호수,128272
고령 지산동 고분군,128038
지리산국립공원(남원),127800
제주절물자연휴양림,127479
백아산자연휴양림,127478
영동 난계사,125985
서천 성북리 오층석탑,125929
고석정국민관광지,125782
십이선녀탕(탕수동계곡),125661
대구 오토바이골목,1249812
음성흥미진진한팩토리투어센터,2548173
동대문디자인플라자(DDP),2470006
마복산 목재문화체험장,2380834
금산생태숲,1928696
외솔 최현배선생 생가 기념관,1624470
제이드가든수목원,1607565
강화풍물시장,132498
아프리카 박물관,130180
꽃지해안공원,129600
경기도립물향기수목원,128986
대부도방아머리먹거리타운,611515
동성로,2599899
화천 반지교&아를테마수목공원,2570295
1.21 무장공비 침투로,127408
완도군청산도[슬로시티],126970
김포장릉(인헌왕후)[유네스코세계문화유산],126542
소쇄원,126374
도갑사,126361
칠갑산도립공원(산장로),125819
무형문화재복합전수관(서천),1055166
신북리조트스프링폴,1601852
베어스타운스키장,130977
한국천연염색박물관,130910
신선대전망대,129508
마량미항(마량항),128992
테르메덴,128870
제주워터월드,128665
벽초지문화수목원,128626
이천 자채방아마을,128353
너리굴 문화마을,127981
호명호수공원,603727
한과문화박물관 한가원,433042
명동,264311
은하초코기사단,2551138
충주라바랜드,2412842
변산자연휴양림,2031650
부소담악(추소정),1940660
하늘재,127853
덕구온천스파월드,126114
이태원 앤틱 가구 거리,1019182
야생동물생태관,2402980
서건도,1936039
뒤웅박고을,1928731
"거슨세미(세미오름, 샘오름)",1918646
모명재,1612615
용평리조트 스키장,131634
국립전주박물관,129786
하조대 무인등대,129594
선비촌,129430
마산오동동아구찜거리,128279
북서울꿈의숲,822384
영양 두들마을,547873
서울함공원,2661506
구룡포항,2610501
문암생태공원,2518642
우음도,2515730
광덕사(천안),127233
남애항,126738
대진해수욕장,126104
지리산국립공원(함양),126025
하멜상선전시관,130542
부천자연생태공원,130526
숭의사,129618
수종사,129516
소정방폭포,129405
서이말 등대,129154
거제자연예술랜드,127725
당진항만관광공사 (삽교호 함상공원),127707
국립 회문산자연휴양림,127512
길동생태공원,127375
삼의양오름,1941153
헤이리 커피박물관,1918731
웅포관광지캠핑장,1852054
금대봉야생화 군락지,1809589
내장산조각공원,1626138
불갑사 관광지,1623868
경주대릉원일원,1492402
슬도,1395618
삼락생태공원,1338947
메이즈랜드,1329201
도심다원,791603
동주염전,619709
연홍도,579414
호도,577571
트윈터널,2578005
금천예술공장,2553946
산동리 남근석,2357431
하동야생차박물관,231958
아쿠아플라넷 제주,2048059
중리동곱창골목,1944751
개평한옥마을,893974
여의도샛강생태공원,809596
국사봉전망대,1590895
고창판소리박물관,130538
심은미술관,130305
쌍용굴(한림공원),129620
부여 송국리 유적,129472
형제섬,128793
소요산국민관광지,127513
남일대해수욕장,126564
아산만방조제,2606913
하늬라벤더팜,2514792
화성우리꽃식물원,2514563
행구수변공원,2396864
홍천은행나무숲,1899635
붉은오름자연휴양림,1898484
1100고지습지,1861656
제주 초콜릿랜드,1737497
청주백제유물전시관,1627209
마산어시장,1622326
월영교,988449
남해 다초지(장평지),531461
섬강(섬강유원지),129006
옥산 세심마을,128430
안산갈대습지공원,128066
거제 학동리 동백나무 숲 및 팔색조 번식지,127256
서울대공원,126712
퍼시픽랜드,126466
구시포해수욕장,126290
황어장터3.1만세운동기념관,1113310
신해철거리,2650828
신수도,2387327
백석올미마을,2013257
서귀포 가시리마을 (녹산로 유채꽃도로),1993734
알프스마을,1977629
충주세계무술박물관,1689954
팔용산돌탑,1622405
장군목유원지,1611910
유교문화박물관,130673
오류고아라해변,129161
고창고인돌박물관,799358
응암동 감자국 거리,713110
장사도,578415
은행식물원(은행자연관찰원),523741
심광사(대전),323001
국녕사(경기),298098
롯데월드,126498
김해수로왕릉,126192
갑곶돈대,1254680
부산어촌민속관,1243628
포항죽도시장,132366
여주박물관,130965
열두개울,128044
화석정,127657
비슬산 군립공원,127502
어승생,127202
화순고인돌군유적[유네스코세계문화유산],127190
명성황후 생가,126790
남산골한옥마을,126747
후정해수욕장,126694
진주목장 낙농체험,982142
스파리조트 안단테,591636
목포해상케이블카,2606207
태화강동굴피아,2605809
하평해변,2398676
중리어촌체험마을,1984839
정물오름,1926379
옥정호 구절초테마공원,1626156
죽화경,1350823
을지전망대,125809
보령성곽&보령관아문,129642
금산(남해),128106
경주양동마을[유네스코세계문화유산],127855
거창수승대,127696
무등산편백자연휴양림(안양산자연휴양림),126966
진주성,126833
기림사,126167
죽계구곡,126048
도담삼봉,125913
호암지,125871
제주테지움,696841
완도타워,632089
다랑쉬오름(월랑봉),577461
지리산생태과학관,402979
성혈사(영주),319568
철도관사촌(솔랑시울길),2605906
천진항,2402713
거창 황금원숭이마을,1977633
수암골벽화마을,1938398
경주 경덕왕릉,1621597
군산 임피역사,917162
팔당호,866810
숲옛마을(갈계),803562
살곶이체육공원,753994
일영허브랜드,745922
문의문화재단지,127032
칠곡가산산성및가산바위,126202
서산 용현리 마애여래삼존상,125991
소양호(춘천),125802
미필스키랜드,1141128
절영해안산책로,252561
석모도 자연휴양림,2490906
수산항,2399050
곤충마을박물관,2396706
경주 법흥왕릉,1621734
봉무정,1612003
밀양시립박물관,130087
영덕 부경온천,127984
일출랜드,127857
석모도,127801
금봉자연휴양림,407373
용추폭포계곡,129685
안면암(태안),129663
팔석정,129265
안동 군자마을(오천유적지),128558
미동산수목원,127817
지리산국립공원(지리산 노고단),127590
국립 5.18 민주묘지,126425
합천호,126118
일광해수욕장,126098
논산 선샤인스튜디오,2594478
봉선저수지,2539574
울진엑스포공원,250374
자작도해변,2402709
한섬해변,2398681
포천어메이징파크,2032127
168계단,1942337
헬로키티아일랜드,1911160
수양개선사유물전시관,1627305
임시수도기념관,1608530
아차산생태공원,742972
부춘정원림,705104
국채보상운동기념공원,651687
의정부부대찌개거리,612807
부인사(대구),317499
전주한옥마을[슬로시티],264284
대둔산자연휴양림,126963
궁촌해변(궁촌해수욕장),126649
목포유달산공원,126257
서천식물예술원,1055310
사진놀이터,2624962
국립대운산치유의숲,2555756
거진등대해맞이공원,2401957
상록리조트눈썰매장,131545
주문진항,131271
땅끝해양자연사박물관,130563
계룡산자연사박물관,130560
설리 해수욕장,129487
안동 하회촌,129278
팔미도등대,129128
제주유리의성,642353
감포항,128677
이월드,128627
학암포해수욕장,127917
탁사정,127904
송지호 해수욕장,127874
서현동먹거리촌,127373
직탕폭포 (한탄강 국가지질공원),125653
보리나라학원농장,125447
팔영산자연휴양림,125426
"월남 파병용사 만남의 장 (구, 베트남 참전용사 만남의 장)",800214
포천 이동갈비마을,612915
디오션리조트 워터파크,587699
포천아우라지배개용암(한탄강국가지질공원),2569473
서귀포 전기버스 시티투어,2525534
석모도미네랄온천,2490886
초도항,2402721
엑스포해양공원,2037308
거금생태숲,2032450
오봉산,1612244
한강시민공원 잠실지구(잠실한강공원),970460
홍원항,129458
해오름예술촌,128271
추자도,127863
광주패밀리랜드,127539
전주풍패지관,126387
상주은모래비치,126084
속초해변,125707
계양산,1113230
분당정자동카페거리,1053768
국립 달음산자연휴양림,2606230
초원사진관,2605927
세어도,2547987
마이산 벚꽃길,2521977
담양 명옥헌 원림,228892
웃다리문화촌,2018386
동악산 (곡성),2014608
울릉예림원,1994204
태백 상장동 벽화마을,1809602
경상북도 산림과학박물관,130671
마장호수,750804
자은도,577866
월정사(제주),347234
호미곶해안단구,2614561
북한산국립공원,127220
해동용궁사(부산),126848
비자림,126472
청량사(합천),126146
서천마량리동백나무숲,126010
생각하는 정원,125445
금능해수욕장,591866
춘천 애니메이션박물관,2633906
줄포만갯벌생태공원,252578
광주대인시장/대인예술시장,2488220
"방화동 자연휴양림,가족휴가촌",1623888
섬진강어류생태관,1321143
학성공원,128211
척산온천지구,128123
남이섬,128019
구곡산,127785
경상북도독립운동기념관,795012
단대동닭죽촌,611738
아라크노피아 생태수목원·주필거미박물관,128219
간월산 자연휴양림,128205
운일암 반일암 계곡,127893
이작도(풀등+갯티길),126801
청주상당산성,125964
청평사(춘천),125762
주문진해변,125699
알펜시아 오션700,1071342
우포늪생태관,661980
분원리 붕어찜마을,612323
이안숲속,433027
얼음골축음기소리박물관(밀양),2552568
보강천미루나무숲,2407325
구리시민한강공원(코스모스공원),228874
팔봉산관광지,1626062
제주서커스월드공연장,130512
대가야박물관,130099
묵계서원 및 안동김씨 묵계종택,129035
월정리해수욕장,1918639
한국항공대학교 항공우주박물관,130725
청사포,129602
대변항,129092
불영사(울진),127921
남열해돋이해수욕장,127546
"장령산자연휴양림(구, 장용산자연휴양림)",127534
아산온천,126538
외연도,125853
청초호,125750
전남신안증도[슬로시티],575607
수기해변,264616
"보물섬전망대,스카이워크",2639965
달전리 주상절리 (경북 동해안 국가지질공원),2614503
지중해마을,2606741
아름다운정원화수목,2498883
국립부산과학관,2385666
절부암,228864
오대산국립공원,125591
봉화산(서울),1115042
"거북바위 및 향나무 자생지 (울릉도, 독도 국가지질공원)",1704748
담양 창평 삼지내마을[슬로시티],128953
산이반도,127039
대원사(보성),126612
농소몽돌해변,126580
여차해변 (여차몽돌해수욕장),126579
"서울 헌릉(태종,원경왕후)과 인릉(순조,순원왕후) [유네스코 세계문화유산]",126530
천지연폭포(제주도국가지질공원),126438
죽도해변(양양),125720
삼악산(춘천),125604
봉서사(서천),317475
소양강 하안단구 (강원평화지역 국가지질공원),2616518
화조원,2606209
공곶이,2536196
퇴계종택,250369
고흥우주천문과학관,2379568
판교박물관,2371204
서산버드랜드,2037280
신시모도,2024639
무궁화학습원(괴목정),1937770
심천역(영동),975852
의성금성산고분군,791558
대원공원,753948
철원평화전망대,561034
익산 토성,126945
홍길동 생가,126783
광주호,126329
경주월드어뮤즈먼트,126228
갑사,125891
용암사(옥천),125890
용암서원(장수),1957034
대관령 하늘목장,1949976
광주 곤지암도자공원,1903260
봉황경(능암리섬),1646664
한국가사문학관,130323
경기영어마을 파주캠프,129195
오동도,128025
앙성온천지구,128006
성철대종사생가(겁외사),127485
한화리조트 산정호수 온천,126955
춘천강언덕마을[농촌전통테마],800528
카멜리아힐,741109
내변산,717109
수리뫼 [한국전통음식체험교육원],611491
장산 (부산 국가지질공원),2614727
K-Taekwon school 태권도체험,2601380
정남진 전망대,2514004
실리도,2387080
비토섬,2371675
청도한옥학교,1141637
영월곤충박물관,130467
전촌솔밭해변,128680
나정고운모래해변,128679
강동몽돌해변,128199
명월대,127909
암태도,127758
보길도,127652
미조항,127471
부산차이나타운특구(상해문.상해거리),127151
사량도지리산,126852
뮤지엄 산,2633832
칠성전망대,2568601
봉하마을,2514460
산내들패밀리어드벤처파크,2501595
수도산자연휴양림,2369371
김대중 노벨평화상기념관,1994953
안양중앙공원,1624639
경주 흥덕왕릉,1621759
낙덕정,1610702
태백 고생대자연사박물관,1337616
강구항,988459
홍대,781031
곤지암리조트,646762
사의재저잣거리,2650800
인사동,264353
월성계곡,127137
외도보타니아,126581
파계사,126161
마곡유원지,125733
사천해변(사천해수욕장),125696
한국(문인)인장박물관,1937650
청풍호관광모노레일,1908249
담양 송강정,1623806
아부오름,1351320
한국야구명예전당,130141
두물머리애벌레생태학교,128221
국립 3·15 민주묘지,127702
우도잠수함,127363
화순 서유리 공룡발자국화석 산지,127191
강화덕진진,127185
조안베어뮤지엄,819583
춘천명동거리,264434
몰운대 (부산 국가지질공원),2614721
범패사,2398842
경주 감은사지,128637
하동쌍계사,128146
유곡천,127397
성주댐(성주호),126940
"여주영릉(英陵)세종대왕)과영릉(寧陵)효종,인선왕후)[유네스코세계문화유산]",125573
영산포 홍어거리,1185331
노을이 물드는 언덕,2414735
아홉산숲,2385686
완도 해산물장터,228908
옹기종기행복마을,1888656
세화해변,1621077
부산진시장,132189
양구통일관,130736
김영갑갤러리(두모악),130723
당진왜목마을,129064
장경리해수욕장,128997
반딧불이천문대,2650446
유황편백탕,2522013
심학산산림공원,1916761
삼천포용궁수산시장,1897446
금강호 관광지,1624685
제주해녀항일운동기념탑,1621118
백련사(서울),128028
제3땅굴,127000
당진삽교호,126847
대아수목원,125415
은대리 판상절리와 습곡구조 (한탄강 국가지질공원),2616500
자양동양꼬치거리(중국음식문화거리),2401757
박사마을,2396489
가고파꼬부랑길벽화마을,2019720
걸시오름,1918965
봉선사(경기),126539
논개사당(의암사),126408
광한루원,126397
보림사(장흥),126367
수문해수욕장,126295
마비정 벽화마을,1970811
인천시립박물관컴팩스마트시티,1851364
휘닉스파크(워터파크),131300
조류생태전시관,129461
법성포,129217
태학산자연휴양림,128917
여주참숯마을,128699
가지산 탄산유황온천,127979
제주조각공원(포레스트 판타지아),127948
"금강자연휴양림(금강수목원,산림박물관)",127821
죽림사(영천),479942
사천항공우주박물관,2473002
국립산림치유원,2447115
영월동강생태공원,2401137
원주허브팜,2357794
봉국사(성남),127369
옥정호(물안개길),126551
올림픽공원,126532
성읍민속마을,126471
고양서오릉[유네스코세계문화유산],125552
국립대구과학관,1956986
대포서원(김포),1955955
신영영화박물관 무비스타,130186
천방산,129623
신지동고해수욕장,129538
벌랏한지마을,129343
서귀포유람선 뉴파라다이스호,128838
경주 신문왕릉,128681
한택식물원,127823
대왕암공원,127515
양남 주상절리군 (경북 동해안 국가지질공원),2614515
유성 족욕체험장,2605899
종달리 해안도로,2602741
양림역사문화마을,2524187
서동요 테마파크,251994
대저생태공원,2487925
고생대 화석산지,2406358
국립 통고산자연휴양림,125430
계양산산림욕장,1114802
와룡공원,1019041
용추폭포(고창),1597542
제천 산야초마을,128410
"중문관광단지(대포해안,주상절리대)",127492
양양 송천떡마을,127037
수리사(경기),126843
일동제일유황온천,126573
칠불사(하동),126185
호박소계곡,126061
추사고택,125936
이상재선생 생가지,125928
국립 백운산자연휴양림(원주),688257
연천 나룻배마을,630374
화진포의 성(김일성별장),529493
단호사(충주),299977
국립대관령치유의숲,2554069
심곡항,2398205
장항 스카이워크 (기벌포 해전 전망대),2014285
피싱파크 진산각,1784985
추사김정희선생고택·묘,1627167
안양예술공원,125514
사근진해변(사근진해수욕장),128727
파주 삼릉 [유네스코 세계문화유산],127679
월미도,127585
국화도,127134
비금도,126821
가진해변,126785
장자도,126299
울릉도,126101
부석사(서산),125879
치악산국립공원,125587
기억을 모으는 미술관 ART-TEA,2612291
예산황새공원,2586628
임진강 황포돛배,2569455
목포근대역사관 2관,1908176
고산,1595802
통영항,1304613
보성군립백민미술관,130113
국립진주박물관,129774
왕산해수욕장,129256
공지천 조각공원,129004
보령 청소역,975948
안산 어촌민속박물관,654645
신풍신천바다목장,635701
국립 두타산자연휴양림,407252
한라산 영실,126469
송광사(순천),126371
제황산공원,126139
운주산성,125981
관촉사(논산),125905
백령도,125505
경상남도수목원,127816
우이도 돈목해수욕장,127764
영일대해수욕장,127698
구룡포해수욕장,127214
청곡사(진주),127113
통영 한산도 이충무공 유적,126948
무의도,126797
영일만온천,126648
양주 회암사지,126544
홍릉수목원,126500
마린시티,2617724
매봉산풍력발전단지(바람의 언덕),2610091
봉학골산림욕장,250456
죽도(진안),1627968
군산공설시장,132313
닥종이인형박물관,130855
인천도호부청사,129341
대관령양떼목장,129263
함평 자연생태공원,129235
리솜오션캐슬 아쿠아월드,127958
옥천리 냉면마을,612752
천서리 막국수촌,612541
직지문화공원,578954
채만식문학관,130332
아그로랜드 태신목장,129546
자은 분계해수욕장,127757
학가산자연휴양림,127697
용연동굴 (강원고생대 국가지질공원),126732
국립 방태산자연휴양림,126677
한림공원,126455
만어사,304789
국립영천호국원,252604
삼귀해안,252574
오산중앙시장,1433294
풍기인삼시장,132535
이병기선생 생가,1313645
쌍봉사(화순),126358
금오산도립공원,126016
공주공산성[유네스코세계유산],125949
여주온천,1179738
헬로우뮤지움,2488585
국립낙동강생물자원관(상주),2037694
담양대나무숲(담양습지),1646593
삼탄유원지,1627240
백산저수지,1599383
백제도예원,1582423
화성 백미리마을,129410
경상북도수목원,127432
달마산,127385
성락원(서울),126826
신창풍차해안도로,2663250
달빛쌈지공원,2625206
소리체험박물관,2611136
문화철도 959,2592089
정남진천문과학관,2514062
부산송도해상케이블카,2504464
위례산과 위례성지,126779
문수산산림욕장,126703
신양 섭지코지해변,126447
지경리해변,125681
경암동철길마을,2605528
정토사(성남),2551122
쌍암공원,250453
초등교육박물관,2401178
구송정 유원지,2357444
사교루,1623767
독일마을,129489
사명대사 생가지,128889
이천 산수유마을,127978
만성리검은모래해변,127547
월하성어촌체험마을,128136
아산공세리성당,128127
월출산국립공원,127672
화양구곡(화양동계곡),127474
주상절리대(대포동지삿개),127053
황계폭포,126698
서서울호수공원,1265735
안덕계곡,126440
밀양 얼음골,126063
옥토끼우주센터,1039170
평촌먹거리촌,611419
현대어린이책미술관,2371001
강원 영월 김삿갓 [슬로시티],1857095
프로방스마을,129196
방호정 감입곡류천 (청송 국가지질공원),129041
덕천해수욕장,129011
죽녹원,128834
알뜨르비행장 및 일본군 비행기 격납고,128640
농암종택,128559
개실마을,128474
광주산두른마을[농촌전통테마],802566
경화역벚꽃길,716272
그리스신화박물관,1556005
제주민속촌,130474
수주팔봉,129465
울산체육공원,129453
남산케이블카,128776
화산천주교회(나바위 성당),127437
아야진해변,125684
율리휴양촌,1087135
무수천하마을,803712
국립과천과학관,660722
만재도,578216
마산아트센터,2659216
중앙호수공원 카페거리,2615323
목포서산동보리마당&시화마을,2615033
"알봉 (울릉도, 독도 국가지질공원)",2614652
양림동펭귄마을,2603494
하화도,2497099
창원과학체험관,1904774
서대문자연사박물관,130448
오도재와 지리산조망공원,128629
사나사 계곡,127365
압구정로데오거리,126823
김대중 대통령 생가,126750
공주송산리고분군과무령왕릉[유네스코세계유산],126681
어청도,126297
구리동구릉[유네스코세계문화유산],125545
제부도,125503
서래마을,1021339
아이니테마파크(대구스타디움점),2498819
약암홍염천,2396496
소래포구,2020690
하늬복이오름,1923590
백수해안도로,1874060
"홍천테마파크(구, 예술촌)",1626171
청호저수지,1610389
능인선원,1603149
광장시장,132183
유관순열사기념관,130495
농산정,950593
정남진(장흥),777228
상동호수공원,756618
낙월도,577708
"저동해안산책로 (울릉도, 독도 국가지질공원)",2614676
완도모노레일,2518800
삼부연폭포 (한탄강 국가지질공원),125652
남한산성도립공원[유네스코세계문화유산],125449
국립청태산자연휴양림,125266
사라오름,1215292
어비계곡,129659
고모산성,129451
함안 말이산 고분군,128689
삼척 해신당공원,128633
선암사(부산),128053
홀통유원지·홀통해변,127706
예천온천,127178
봉수대해변,126691
정방폭포,126437
무위사,126357
교동도 대룡시장,2492108
통영박경리기념관,2369504
사곶해변,1932853
거제어촌민속전시관,1622179
노량진수산물도매시장,132216
고군산군도,131279
세계민속악기박물관,130680
서울 석촌동 고분군,127466
옥포대첩기념공원,127258
촉석루,126217
문경 구 가은역,975913
세빛섬,970052
신광사(세종),319721
금산인삼약령시장,273736
선유도공원,2661405
인천차이나타운,264512
서울망원시장,2499807
잣향기푸른숲,2407108
수월봉과 차귀해안,228859
신영시장,1979613
서천이색체험마을,128332
고려 공양왕릉,128139
안흥찐빵마을,128074
성주 한개마을,127717
성주산자연휴양림,127382
덕동해수욕장,127100
지리산온천랜드,126476
강천산군립공원,126249
"남애해변(남애1, 3리)",125700
국립 삼봉자연휴양림,125420
한반도 뗏목마을,770251
테미오래,2663239
서귀포치유의숲,2660763
흰여울문화마을,2606221
함월루,2502643
철원토성및석조물,2405901
동강전망자연휴양림,2402845
대도,2387088
박수근미술관,130493
한국최초 성경전래지 기념관,129459
한라생태숲,802844
대장경테마파크,1905508
김해클레이아크,130841
영덕어촌민속전시관,130702
묵호항,129588
구봉산(대전),127683
미리내 성지,127556
불갑사(영광),126349
애기봉(김포),125454
무등산 주상절리대,1074432
강서습지생태공원,809490
무주머루와인동굴,778333
면앙정,742828
주작산자연휴양림,643998
주전어촌체험마을,2650827
태화루,2502631
여차 홍포전망대,2030003
배다골테마파크,1917062
식장산(식장산 문화공원),1083960
한강시민공원뚝섬지구(뚝섬한강공원),1030763
영취산(여수),128017
천수만(철새도래지),127972
명지산군립공원,127806
만뢰산자연생태공원,127792
국립 칠보산자연휴양림,127712
서울몽촌토성,127525
설매재자연휴양림,127170
대청호,126846
돈내코(원앙폭포),126441
감악산(파주),125450
동피랑마을,753306
영등포신길동홍어거리,749355
시안미술관,615222
허브빌리지,2569457
백두대간 생태수목원,2402848
광명업사이클아트센터,2034106
오송제,1587082
웰리힐리파크,131299
우제길미술관,130639
남해 관음포 이충무공 유적,129480
용마산,814123
엄홍길전시관,804318
대한성공회 강화성당,128819
보라매공원,127940
대천해수욕장,127866
중원폭포,127687
논개-논개생가지,127125
이효석문화마을,126842
도솔계곡(선운산),126262
유치자연휴양림,125421
한국종합무역센터(코엑스),229901
죽변항,228855
완도 청해포구촬영장,2037306
국립광주과학관,2033294
거제 알로에테마파크,2031645
하도어촌체험마을,2023328
이기대(부산국가지질공원),1945309
가평현암농경유물박물관,130915
국립부여박물관,130062
큰숲 안양워터랜드,129208
제주 보성시장,992309
신사동가로수길,987720
제주난타전용관,979156
국립 운악산자연휴양림,407234
"죽암 몽돌해안 (울릉도, 독도 국가지질공원)",264502
옥연지송해공원,2606236
익산 액션하우스,2549351
출판도시 활판인쇄박물관,2498600
태안신두리해안사구,128013
발포해수욕장,127545
나를 찾는 정원 (R401 Discovery Park),2491704
삼탄아트마인,2470392
구룡산(서울),2357761
가우도,2024432
화진포 해양박물관,130316
제주항일기념관,130308
용두해수욕장,129641
송정 죽도공원,129597
동국사(군산),129509
고창하전갯벌마을,128319
경동시장,948730
장승포항,793469
양구생태식물원,561105
하남이성산성,529248
선인장다육식물연구소(구선인장연구소),523999
임항선 그린웨이,2615313
보름산미술관(김포),2550763
근현대사기념관,2535347
마이산도립공원,126235
무창포해수욕장,125841
자광사(대전),128878
경포해변,128758
서울숲,128611
창녕 교동과 송현동 고분군,128585
광교산,128064
증산해변(증산 해수욕장),127727
배내골,127655
가거도(소흑산도),127480
계룡산도예촌,126725
북촌한옥마을,126537
우항리공룡박물관,250467
경인아라뱃길,2009089
백암온천관광특구,1957631
중부내륙순환열차(O-트레인),1923406
추사박물관,1918344
조랑말체험공원,1812994
울산박물관,1556541
해금강테마박물관,130900
남포읍성,129636
금강하구둑 관광지,129456
따라비오름,572968
와인갤러리,2623675
가창 찐빵 골목,2034446
애보박물관,1925658
가마오름,1884191
현풍석빙고(상리석빙고),129674
강화 초지진,128030
돌산도,126284
당항포관광지,126142
강릉오죽헌,125789
더마파크,665594
오투리조트 스키장,639996
통영 명품진주전시관,584956
세미원,407051
산천재 남명매,250406
자규루 및 관풍헌,250294
아라리촌,2414753
와룡산(대구),2366455
파로호 안보전시관,229906
천사섬분재공원,1017563
중남미문화원,129897
거창 동계 종택(정온선생고택),128653
이천부래미마을,128304
고사포해수욕장,127865
파주임진각,127548
진천 김유신 탄생지와 태실,127459
구례산수유마을,1269517
연화산도립공원,126024
배론성지,125982
한국민속촌,125578
인천 화평동 세숫대야 냉면 거리,699269
왕피천 (경북 동해안 국가지질공원),2614535
놀토피아,2606205
트랜스포머 오토봇 얼라이언스 (신화월드),2562099
국립칠곡숲체원,2554029
금산교회,250328
사천항,2398187
개오리오름,1889809
선암호수공원,1824216
함평엑스포공원,130864
창원시립진해박물관,791089
다대포꿈의낙조분수,769761
김녕미로공원,127046
미륵도,127042
회룡포,126734
서귀포잠수함,126665
교룡산국민관광지,126328
죽림해수욕장,126082
청량산도립공원,126021
안면도자연휴양림,125448
부천동물테마파크하이주,2002467
허굴산,1914603
원대리자작나무숲(속삭이는자작나무숲),1818945
제주 노루생태관찰원,1672315
삼척 도계전두시장,132763
아라리인형의집,130859
신륵사(여주),128926
골굴사(경주),127693
구담봉.옥순봉,127568
안산식물원,127196
순천전통야생차체험관,662234
쁘띠프랑스,604009
호압사(서울),486685
김포한강야생조류생태공원,2653096
녹사평지하예술정원,2650772
임실치즈마을,2649950
안동호반자연휴양림,2436209
간월암(서산),125880
만리포해수욕장,125842
제암산자연휴양림,125425
소양강스카이워크,2396037
성흥사 계곡,1622575
상주자전거박물관,130669
안성맞춤박물관,130440
관방제림,128981
박경리문학공원,128230
수영사적공원,127771
공지천(황금비늘테마거리),127617
고려궁지,127184
가야산국립공원(백운동 지구),126023
인천검단선사박물관,864987
검멀레해변,598635
전주한지박물관,268161
백두대간생태교육장,2658207
금강송에코리움,2638527
광양 윤동주 유고보존 정병욱 가옥,2614384
해산전망대,2568655
생초국제조각공원,250413
1913송정역시장,2488192
김포인삼쌀맥주갤러리,2396871
삼길포항,129184
호미곶 등대,129168
학사평 콩꽃마을 순두부촌,129001
오이도,128109
부석사[유네스코세계문화유산],127669
장성 축령산 편백숲 (장성 치유의 숲),127394
만불사(영천),126934
변산반도국립공원,126239
밀양 영남루,126206
현충사,125945
제주도예촌,635460
웰컴투동막골촬영지,2605277
목포갓바위&해상보행교,1624356
탐진강 생태습지원,1391635
철박물관,130912
목아박물관,129797
국립산음자연휴양림,127171
도선사(서울),126502
"경주 무열왕릉, 태종무열왕릉비",126210
녹동서원,1059329
광명전통시장,1754696
온주아문 및 동헌,1626763
제주돌문화공원,1544730
부산해양자연사박물관,130252
서산 경주김씨 고택,129125
연천호로고루,128647
우농타조농장,128588
제주산방산탄산온천,128555
제주 삼성혈,127744
엘리시안 강촌,127654
국립횡성숲체원,337517
황리단길,2658227
한라산 백록담,264590
진해보타닉뮤지엄,2606220
고척 스카이돔,2591873
평강식물원,2512164
강릉커피거리,2414791
선운산 생태숲,1994606
사문진주막촌,1970821
한강시민공원여의도지구(여의도한강공원),1059479
공주 중동성당,2613461
수도박물관,2453996
제이큐브미술관,2401167
천안박물관,1935748
서울시립북서울미술관,1866427
달성하목정,1611768
광한루,1607131
독산해수욕장(홀뫼해수욕장),129583
진위천유원지,127176
용문산관광지,126915
인천 푸른벗말,803629
서포리해변,780347
발안식염온천,619672
웅도,577593
GRC 국제 무선모형 자동차 트랙,2642536
화순 금모래 해변,126443
고령 대가야유적지,126191
황매산(산청),126041
서동공원과궁남지,125984
덕적도,125504
연풍성지,1626555
광진교8번가,1366921
운보의집,130080
국립 오서산자연휴양림,129644
삼양 검은모래해변,129401
포항온천,127964
대성리 국민관광지,127959
약천사(제주),127862
비금 원평/하누넘해수욕장,127759
창녕우포늪,126737
파주 나비나라박물관,613661
웅진플레이도시 워터도시,558819
영천전투메모리얼파크,2606219
남양주 사릉(정순왕후) [유네스코 세계문화유산],250408
경기북부어린이박물관,2493039
제주불빛정원,2479639
남도향토음식박물관·호남문화자료전시관,231964
충주호종댕이길,2043017
평택국제중앙시장,1914768
동대문역사문화공원,1906334
영주무섬마을,894087
우화정(내장산),649968
비진도,127106
대이리 동굴지대,126729
미륵도 관광특구,126660
성수산자연휴양림,126550
새남터기념성당,126529
관덕정(제주),126460
덕유산국립공원,126238
도리사(구미),126156
무안황토갯벌랜드(구 무안생태갯벌센터),1330332
박물관 얼굴,130708
민물고기생태체험관,130696
한국고건축박물관,130485
쇠소깍,129617
장봉도 진촌해변,129252
태백고원자연휴양림,129110
어은돌해수욕장,128894
영호루,128764
경주 남산,128704
도직해변,585615
염전해변,585591
휴애리자연생활공원,322836
마산로봇랜드,2627175
미술관 자작나무숲,2613675
청춘발산마을,2511261
반고개 무침회 골목,2366466
박재삼 문학관,1998842
거제포로수용소유적공원,1937122
서울마리나 요트&클럽,1362516
이상한 나라의 앨리스,780778
양평 황순원문학촌 소나기마을,753619
봉원사(서울),126503
가마미해수욕장,126289
격포해변,126288
대방진굴항,126225
해인사(합천),126175
부산어린이대공원,126119
안면도,125850
몽산포해수욕장,125845
홍성조류탐사과학관,1627312
하우현성당,1624814
다도박물관,130655
청암민속박물관,130650
은적사(군산),129510
울주 천전리 각석,128191
입곡군립공원,127970
오대산 소금강계곡,127922
대전해수욕장,127883
청와대앞길,126533
피나클랜드,662268
목포근대역사관1관,2607311
궁동저수지 생태공원,2591809
수달연구센터,2568548
충주라이트월드,2543780
우도,2496313
봉포항,2402097
광천토굴새우젓단지,1938123
영월 장릉(단종) [유네스코 세계문화유산],125794
부용대,1180825
경주 진덕여왕릉,1621742
평사리들판,1323182
명성황후 기념관,130327
울진 금강소나무 숲길,129189
외달도,128292
태산패밀리파크,128156
충렬사,126662
망해사(김제),126335
무녀도,126292
고래불해수욕장,126103
밧지름해변,780350
백령도 콩돌해변,561002
청안사(세종),482169
성황사(부안),319569
법흥사(남해),312120
"서울의릉(경종,선의왕후)[유네스코세계문화유산]",250396
삼화사 템플스테이,2398532
진잠향교,1954031
이주홍어린이문학관,1911778
불갑저수지 수변공원,1623859
축령산자연휴양림,127818
백곡저수지,127789
장성호관광지,127719
무량사(부여),127676
한라수목원,127514
신트리공원,126568
관북리유적과부소산성[유네스코세계유산],125988
삼봉해수욕장,125846
어라연 (강원고생대 국가지질공원),125659
군포역전시장,1126924
산청 한의학박물관,770557
사천진해변(사천뒷불해수욕장),585526
대법사,299992
보성율포해수녹차센터,2604923
공룡공원,2478972
수상한마법학교,2398201
칠곡호국평화기념관,2357984
용두암,228853
국립태권도원,1904335
갯거리오름(갯그르),1889833
국립임실호국원,1586632
오크밸리스키장,131878
국립중앙과학관,129785
영목항,128956
안동민속촌과 안동호,127339
강릉 통일공원,126898
달아공원,126661
고창 고인돌 유적 [유네스코 세계문화유산],126547
증도 우전해수욕장,126276
성류굴(경북동해안국가지질공원),126113
월화원,750947
주남저수지 람사르문화관,662140
창평슬로시티,593382
수안보 하이스파,2605885
부산현대미술관,2605688
허난설헌 솔숲,2605207
퍼스트가든,2545307
근대미술관(구)일본제18은행군산지점,2468978
사북 탄광문화관광촌,2465477
아쿠아플라넷일산,1917066
원주중앙시장,132765
항도몽돌해수욕장과 항도방파제,129491
남해 물건리 방조어부림,129488
안동임청각,128560
화엄사,127923
제천 의림지와 제림,127804
서울태릉(문정왕후)과강릉(인순왕후)[유네스코세계문화유산],126526
경주첨성대,126207
삼사해상공원,126143
양재시민의숲,1131275
칠갑산천문대 스타파크,778975
걸포중앙공원,753801
해담마을,743036
옹진 백령도 두무진,560996
통영어드벤처타워,2633890
왕버드나무군락지,2610587
편백숲힐링토피아,2360268
충의당,1621637
용두산공원,126121
민둥산,125616
동백꽃마을,2380470
제3한방명의촌 한방자연치유센터,1992621
제천 자양영당,1627353
선운사(고창),147548
만해한용운심우장,1395466
제주평화박물관,130541
제주허브동산,128345
독용산성,127718
무등산국립공원,127575
기회송림,126140
경주 일성왕릉,319725
고령 신촌숲,250434
충북알프스자연휴양림,2419040
김해가야테마파크,2414696
인터렉티브아트뮤지엄,2396368
대부도,126844
산청전구형왕릉,126595
정암루(솥바위),126193
경주불국사[유네스코세계문화유산],126166
파리공원,1114020
대부바다향기테마파크,2656733
원당계곡,2403908
명활산성,2301270
충주고구려천문과학관,1689699
금호리조트제주,138185
제부도해안산책로(제비꼬리길),129008
나리분지,128771
서대문독립공원,128622
순교성지 갈매못,127634
대관령황태덕장마을,127038
국토정중앙천문대,800067
국립 지리산자연휴양림,407395
금정사(김포),298113
태종대(부산국가지질공원),126658
덕수궁,126509
주산지(청송국가지질공원),126223
동촌유원지,126128
조령산자연휴양림,125432
비슬산자연휴양림,125406
반기문 유엔사무총장 생가마을,1087407
제주도민속자연사박물관,129894
도동등대(행남등대),129175
남해 냉천갯벌체험장,128569
원평해변(원평해수욕장),127728
포천허브아일랜드,127695
백련사(강진),127285
한산도,127105
거제도,126972
천안삼거리공원,126922
오산독산성과세마대지,126845
반월도·박지도,578024
대둔사(구미),299984
진안홍삼스파,2656454
산막이옛길,1948361
박물관은 살아있다(제주중문점),1883815
양방산전망대,1626685
자재암(경기),1624907
우도(해양도립공원),131108
남항진해변(남항진해수욕장),125691
제주동문재래시장,1013246
데미샘,2521980
옥계항,2398287
가마골생태공원,2014192
대광사(성남),1967028
해뜨는농장,1927061
정양늪생태공원,1914015
건강과 성 박물관(제주),130853
인제산촌민속박물관,130513
물염적벽,128991
상록해수욕장,126278
선학동마을,786376
압곡사(군위),337419
분황사,317503
위도해수욕장,264528
치악산자연휴양림,128068
도곡원네스 리조트,127932
삼성궁,126631
창원 성산 패총,126562
종묘,126510
청계산,125452
제2땅굴(철원),264481
한반도섬,2403607
옻칠기공예관,2396805
율포해수욕장관광지(해수풀장),2385052
성불산자연휴양림,2379537
서촌마을,2037020
부산감천문화마을,1997221
도너리오름,1928430
오리요리의 거리,1621447
금오름,129699
관곡지,756629
시흥갯골생태공원,756625
강화해수랜드,662637
영흥도 십리포해변,583015
"순천만습지(구,순천만자연생태공원)",126730
황정산,126652
보길도윤선도원림,126422
사천선진리왜성,126197
"가야산국립공원(홍류동,청량동지구)",126022
보령 성주사지,125992
거창사과테마파크,1798587
통영 옻칠미술관,130848
국립공주박물관,129787
구봉산전망대카페거리,129686
김녕성세기해변 (김녕해수욕장),129400
음성큰바위얼굴조각공원,129275
에버랜드,127797
삼광사,127150
우도(통영),127104
사량도,126832
점보빌리지,987913
제주유리박물관,526666
제주 벚꽃길 드라이브,2606696
상상양떼목장 편백숲,2536599
각시바우오름,1887368
장사해수욕장,126097
서산해미읍성,125990
선유구곡(선유동계곡),125836
일영유원지,125511
서울트릭아이미술관,1177751
안양중앙시장,132346
국립김해박물관,130690
양평 민물고기 생태학습관,128226
관매도·관매해수욕장,127549
서귀포 김정희 유배지,127520
공주 석장리 유적,127237
지리산국립공원(산청),126594
사선대관광지&조각공원,126315
돌머리해변,126291
부산송도해수욕장,126122
청주동물원,753414
구조라해수욕장,583071
철원노동당사,264485
의암호 스카이워크,2605236
곡운구곡 (강원평화지역 국가지질공원),2569346
용머리해안,228854
증평 좌구산천문대,1943255
청주에듀피아,1938407
후곡악,1890872
한강시민공원 망원지구(망원한강공원),1059638
관성솔밭해변,1621854
임실 대말방죽 숲(가시연꽃 자생지),1590094
모상개해수욕장,129493
월출산온천,128148
환벽당 ·조대,127401
광성보,127213
고성 자란만,127041
수락산,126483
삼척 죽서루,125799
양양낙산사,125773
서산 유기방가옥,917626
영덕 해안도로 드라이브,2616062
대동하늘공원,2612261
평창 스키점프 전망대,2603462
되재성당,2522014
유리섬박물관,1850702
본태박물관,1798082
군위장곡자연휴양림,127477
망운산,126901
두륜산도립공원,126241
공주치즈스쿨,1859903
신지명사십리해수욕장,147317
알펜시아리조트,1337548
농촌진흥청농업과학관,130712
대성동고분박물관,130689
공군박물관,129820
바람의언덕,129479
자연과별천문대,128631
도장포어촌체험마을,128613
산방산(제주),127861
영덕대게거리,969044
김해분청도자박물관,2615069
앞산카페거리,2611146
사천바다케이블카,2606216
국제음식문화거리(INTERNATIONALFOODSTREET),2591805
산타우체국,2568531
강원도자연환경연구공원,2400978
국립서울현충원,126521
설악 흔들바위,125806
모곡밤벌유원지,125732
고려산,531469
국립 황정산자연휴양림,407236
문경 도자기박물관,2609839
서천 동자북마을,1965356
제주아트센터,1755806
전라남도 농업박물관,130321
정읍 전봉준 유적,129514
제주 서광다원,128150
담양리조트 온천,127847
연화도(통영),127103
고성DMZ박물관,778140
겸재정선미술관,774675
수원박물관,638913
봉암해수욕장,127099
주천강자연휴양림,126773
표충사(밀양),126174
청풍문화재단지,126004
동학사(공주),125893
몽골문화촌,1213516
보정동카페거리,1053905
서동공원,1315472
청산수목원,129601
아차산,129552
보성 벌교 홍교,128769
구시포 해수찜월드,128037
율암온천숯가마테마파크,128003
강릉 구라미온천,127954
청남대,127916
진천 배티 성지,127793
김포 덕포진,127402
태하향목 관광모노레일,778402
장보고기념관,631011
영동 영모재,252591
약사동 제방유적전시관,2502569
신산공원,2414812
강촌환경생태연못,2396443
이천동 99계단 벽화마을,2366507
안산다문화특구,2034480
수리조선소길,1942253
월명공원,1597942
구리타워,129554
선도리갯벌체험마을,129462
설악 파인리조트 가든스파,129399
"진양호공원(진양호전망대,동물원)",128672
만돌갯벌체험학습장,128609
여의도공원,127955
지도,127755
사직공원(광주),126325
강촌유원지,125605
에코랜드테마파크,1146121
주렁주렁(롯데빅마켓킨텍스점),2456794
앞산전망대(앞산케이블카),2366916
가시오름,1885754
장곶돈대,1620578
괴산둔율올갱이마을,1432032
강릉 동부시장,132772
동삼동패총전시관,130774
부천활박물관,130675
모형항공기박물관,130662
국립대구박물관,130132
우암사적공원,945477
한재당,753848
사일온천,615022
선녀와나무꾼 테마공원,598187
월드컵공원,128021
대둔산도립공원(전북),127673
대가천계곡(무흘구곡),126941
광양옥룡사동백나무숲,126667
간현관광지,126644
청주 흥덕사지,125970
쾌연재도자미술관,2401179
수포대,1578207
하동화개장터,132146
전쟁기념관,130431
제주교육박물관,130088
백사장해수욕장,128902
구름포해수욕장,128892
영덕조각공원,128718
섬진강기차마을,128578
구수곡자연휴양림,128051
온수공원,814255
국립 용현자연휴양림,407210
봉녕사(수원),316296
시흥오이도박물관,2648242
서귀포하논분화구,2615028
팔복예술공장,2605804
"여자만(시티투어,갯벌체험)",2604681
홍룡폭포,126076
지리산국립공원(하동),126026
분당 어린이천문대,1177867
법기수원지,2381381
일산동물의왕국,2002472
한대오름,1918643
분옥담과 선녀탕,1608860
제주목관아,128641
황령산,128290
다산유적지(남양주),126806
일동 용암유황천,126739
백운호수,126705
금일명사십리해수욕장,126303
경안천 습지생태공원,630741
국립양평치유의숲,2554095
구파백정기의사기념관,252657
물영아리오름,2433925
만봉불화박물관,2401080
영광정,1611841
로하스파크&와카푸카,1377127
가천다랭이마을,127778
영흥도,127629
충주탄금대와탄금대공원,125870
악양루,702331
보은산,578670
㈜여수예술랜드,2638438
적벽 (무등산권 국가지질공원),2614897
인천나비공원,2462889
경주보문관광단지,126230
경주석굴암[유네스코세계문화유산],126216
청량사(봉화),126173
진양호,126137
김포문수산성,125544
온양민속박물관,130063
아리랜드,128398
태화강국가정원,128202
김유정문학촌,127933
송지호해안서낭바위(강원평화지역국가지질공원),127570
고산자연휴양림,127533
수도사(의령),127427
청주정북동토성,127278
고창읍성,126398
장안산군립공원,126258
울산 신화마을,2611134
문장대,2604711
경주 양남 주상절리 전망대,2603500
익산왕궁리유적[유네스코세계유산],250462
창녕 영산 석빙고,250348
월천리 솔섬,2400253
수원광교박물관,2379222
김제벽골제,231895
산들소리수목원,1312443
잔아문학박물관,1179315
인제스피디움리조트 서킷,2018223
남해 파독전시관,1992063
추암촛대바위,129000
격포항,128980
두여해수욕장,128893
용추자연휴양림,127748
심청한옥마을,127194
보령 냉풍욕장,126711
황포해수욕장,126589
신진도,125851
오시아노관광단지(캠핑장),989046
대교천 현무암 협곡 (한탄강 국가지질공원),2616465
용진정사,250449
알파카월드,2495006
통일공원함정전시관,2398375
서부오미(味)가미(味)거리,2366462
봉평해수욕장,126099
판문점,125579
포천산정호수,125523
정지용문학관,1202162
천지연 걸매생태공원,129395
홍천비발디파크,129137
중앙탑(탄금호)일원,128623
서울정릉(신덕왕후)[유네스코세계문화유산],127616
비양도,127529
하저해수욕장,127160
남호해수욕장,127159
엉또폭포,127052
여미지식물원,126464
정읍 피향정,126396
산청동의보감촌,2620990
내연산 12폭포 (경북 동해안 국가지질공원),2614497
고흥분청문화박물관,2605786
서울식물원,2589349
정관박물관,2556598
울진 후포항,228866
한산향교,1626657
양지파인리조트눈썰매장,131554
평창무이예술관,130319
테디베어뮤지엄 제주,130317
다도해해상국립공원(팔영산지구),578724
광명동굴(가학광산),2649975
송석마을,128606
가마골계곡,127423
남가람문화거리,127115
운주사,126359
홍도,126300
신시도 어촌체험마을,126293
풍류해수욕장,126279
대전엑스포과학공원,125994
검단산,750824
다희연,745449
원생대 변성암 (경북 동해안 국가지질공원),2614541
포항시립미술관,2406280
남당항,228856
수로부인헌화공원(남화산해맞이공원),2015509
선운산 낙조대,1596119
화순 수만리들국화마을,129368
양평두물머리,128918
고창 무장객사,128790
서천황새마을,801301
국립운문산자연휴양림,127167
은파호수공원(은파국민관광지),126322
순천 고인돌 공원,126317
거제도해금강,126224
홍류동계곡,126066
개태사(논산),125899
상소동산림욕장,1125480
대전선사박물관,1066804
서면1번가,1046349
추령장승촌,1612096
대관령박물관,130057
천안독립기념관,129790
보성 비봉리 공룡알화석 산지,129607
신성리갈대밭,129457
보해매실농원,128815
40계단문화관광테마거리,128698
열쇠전망대,128575
여수향일암,127715
국립수목원(광릉숲),127497
안동하회마을[유네스코세계문화유산],894027
홍룡사(양산),486750
용유도 마시안해변,264517
정남진물과학관,2514714
미타사(음성),250455
추억의 청춘뮤지엄,2392454
둘리뮤지엄,2033802
등억온천단지,127012
경주민속공예촌,126229
장곡사(충남),125900
할미꽃 한재공원,1392647
망모당,1316294
남천 해변시장,1303784
경기도박물관,130136
바람새마을,129408
모항해수욕장,127689
소백산국립공원(경북),127670
도라산역,127519
옥계계곡,127441
한국도로공사수목원,127045
강원도탄광문화촌,895963
삼성산성지,756600
화명생태공원,2487931
강촌랜드,2396434
부천중앙공원,126704
국립4.19민주묘지,126524
중문해수욕장,126449
수덕사,125896
청주중앙공원,125868
월악산국립공원,125814
일산 어린이천문대,128989
풀향기 허브나라,128923
고성 송학동 고분군,128664
연천 경순왕릉,128576
불굴사(경산),128039
장봉도,128005
대둔산도립공원(금산),128001
도산온천,127983
유명산계곡,127366
통도환타지아,126926
제주샘주 공장,2505896
가원습지 생태자연공원,2398442
동해무릉건강숲,2364045
국사봉(순창),2357450
대구근대골목(근대로의여행),2042995
이훈동 정원,1996607
물안해수욕장,1622212
예당저수지(예당관광지),131044
경기도자박물관,130358
후포항 선수포구,129612
도당공원,756602
새별오름,572973
원당종마목장(렛츠런팜원당),128138
서어나무(소사나무)군락지,128032
대나무골 테마공원,127993
섭지코지,127813
갓바위 문화타운,126828
천안유관순열사유적,125926
고양서삼릉(장경왕후)[유네스코세계문화유산],125551
불정자연휴양림,125407
경주 성덕왕릉,1621820
섬진강,1610774
전주남부시장,132326
이승복기념관,130976
강원경찰박물관,130664
강화역사박물관,129810
망끝전망대,129540
청송솔기온천,129419
창녕 석빙고,128589
누에섬등대전망대,128346
소설태백산맥문학관,654770
춤추는 바다분수,2604885
삼청동,250147
정남진편백숲우드랜드,2033464
성산일출봉[유네스코세계자연유산],126435
흑산도,126301
부여 능산리 고분군 [유네스코 세계유산],125987
만인산푸른학습원,125429
용봉산자연휴양림,125427
제주도 국가지질공원,1162240
연천역 급수탑,250366
고현리 공룡발자국화석,231942
소이산 생태숲 녹색길,2048756
평화의댐(화천),1626292
김포문화원,129875
담양 식영정,128978
신리어촌체험마을,128318
울산옹기마을,128208
노도(김만중 유허지),128105
관악산,126480
이순신공원,584970
진영 봉하마을과 노무현 대통령 생가,250432
가조백두산천지온천,127956
창덕궁과후원[유네스코세계문화유산],127642
박정희 대통령 생가,126733
와현모래숲해변,126578
행주산성,125562
용문사(용문산),125537
백운계곡 (한탄강 국가지질공원),125492
수리산도립공원,125457
통영파라스파,597449
쉬리마을,2650826
"파주 장릉(인조,인열왕후) [유네스코 세계문화유산]",250410
에델바이스스위스테마파크,2011992
선흘곶자왈 (제주도 국가지질공원),1890901
삼성산산림욕장,1624669
김영삼 전 대통령 생가,1622198
아암도해안공원,1619731
조선민화박물관,130309
대청도,128012
용인자연휴양림,809149
자라섬오토캠핑장,762653
창원시립마산문신미술관,130086
개화예술공원,129439
헤이리예술마을,128168
완도수목원,127498
서산 보원사지,125878
파로호(화천),125801
순담계곡,125654
"남양주홍릉(고종과명성황후)과유릉(순종과순명,순정황후)[유네스코세계문화유산]",125548
내동마을 연꽃단지,2499842
칠천량해전공원전시관,2406404
천안남산중앙시장,2361452
선유도해수욕장(명사십리해수욕장),2022531
열안지오름(봉개동),1925369
세량지,1915088
캐릭파크,1893901
용산저수지,1627447
매창공원,1608758
토지주택박물관,130126
평화랜드,752389
한방스파여용국,2589657
피노파밀리아,2505927
청송얼음골(청송국가지질공원),129413
창원해양공원,128557
안동 온뜨레피움,1283429
상수허브랜드,127769
볼음도(저어새 생태마을),127043
덕진공원,126320
청령포(강원고생대국가지질공원),125785
소등섬,2514005
제주공룡랜드,250282
영월음향역사박물관,2401140
리틀빅아이자유숲놀이터,2383470
펀테마파크,1893889
거린사슴,1890152
군산근대역사박물관,1684836
도동서원 [유네스코 세계문화유산],129679
비인향교,129460
광주호호수생태원,129443
강화 아르미애월드,971122
우저서원,753822
팔미도 유람선,744952
용눈이오름,572960
영천사(원주),337539
매미성,2536133
속초아바이마을,251738
국립 희리산해송자연휴양림,126965
자은 백길해수욕장,126696
하동송림,126233
엉알해안,1898906
대구미술관,1856967
탑정저수지,1626523
곰소염전,1608654
남포미술관,130913
장생포고래박물관,130649
국립제주박물관,130461
대암산 용늪 (강원평화지역 국가지질공원),128702
울주대곡리반구대암각화,128184
충렬사와 거북선,128104
산천어커피박물관,2569517
보현산(영천),1997570
호안다구박물관,1959509
폭낭오름,1918421
백룡동굴(강원고생대국가지질공원),1333464
검룡소 (강원고생대 국가지질공원),126840
양주 온릉(단경왕후) [유네스코 세계문화유산],126543
강화 고인돌 유적 [유네스코 세계문화유산],125565
국립 대관령자연휴양림,125417
대가야역사테마관광지,1067369
송지호관망타워,925616
임자도,575658
라제통문,250140
유현문화관광지,2380958
충주고구려비전시관,1938381
해남 간척지 담수호 주변 철새도래지,126954
남해유배문학관,1267091
아침고요수목원,126668
미륵산(통영),126659
부여 정림사지 오층석탑 [유네스코 세계유산],126650
국립해양박물관,1825843
천적생태과학관,1798541
전평제,1621573
덕포진교육박물관,130442
원주원성성남리성황림,129682
금오도,129414
제주 센트럴파크,128049
남망산조각공원,127621
죽도(통영),127108
김해 수로왕비릉,127095
한려해상국립공원(한려수도),988187
홍천 살둔마을,802670
창원 장미공원,2606208
부안 원숭이학교 자연사박물관,252579
야생화테마랜드,2518729
팔달산,2404403
동진시장,2034110
하늘빛수목원,2032072
밀마루전망대,1951612
인도미술박물관,1937324
용추폭포,129633
을왕리해수욕장,128767
발리온천,128210
울산 들꽃학습원,128209
파주이이유적,127691
이태원관광특구,126999
자수정동굴나라,126722
칠연계곡,126558
다산초당(다산 정약용 유적지),126419
외암민속마을,126001
중대물빛공원,2615479
감자꽃 스튜디오,2524116
군산오름,1945768
진천공예마을,1938403
장항송림산림욕장 (장항 솔숲),1937012
보길도 세연정,1704536
백리포해수욕장,1626917
강동해수온천,1624227
청주육거리시장,132548
국립중앙박물관,129703
화도하수처리장피아노폭포,780768
문경새재 자연생태공원,763846
몽마르뜨공원,753981
유부도,577623
제석사(경산),479915
협재해변,127490
추도,127101
고파도,126706
서울암사동유적,126519
충주 미륵대원지,125976
청도와인터널,2660803
올챙이추억전시관,2401017
중광정해변,2400219
통진향교,1624822
경정해수욕장,1621219
화암추 등대,129162
통일전(경주),128636
율동공원,128040
다도해해상국립공원(고흥),127799
중미산자연휴양림,127692
경상남도과학교육원,1622558
영집 궁시박물관,130716
농업기술센터 자연생태학습장,129447
구례 운조루 고택,128994
마금산원탕,127608
속리산국립공원(충북),127465
돌할매(영천),126933
초도해변,126777
대학로,126534
범어사(부산),126148
함안채미정,702340
청운사(김제),482172
제주항공우주박물관,2661407
드라마월드,2406470
감추해변,2398444
김포함상공원,2396844
수원시립아이파크미술관,2033483
빙계서원,1958867
광안리해수욕장,126078
석장리박물관,1184872
예천천문우주센터,128182
인천대공원,128027
집다리골자연휴양림,127531
하니랜드,127517
일산호수공원,127197
경복궁,126508
서울어린이대공원,126490
남원관광단지,126431
연곡사(구례),126363
UN기념공원,126195
제주현대미술관,597562
송림사(칠곡),319691
에코힐링 황톳길,2606914
도라전망대,252560
대구서문시장&서문시장야시장,132532
강원종합박물관,130670
장태산자연휴양림,129438
화성공룡알화석지,129436
북촌 돌하르방공원,128777
배내골(울산),128197
경주 오릉,126213
봉길대왕암해변,126095
달천계곡(창원),126062
충의사 (매헌 윤봉길 의사 유적),125968
개심사(서산),125908
강릉경포대,125790
"남양주 광릉(세조,정희왕후) [유네스코 세계문화유산]",125546
천진암성지,125541
수성못유원지,1115613
인천모래내시장,1025593
문화역서울284,250364
모구리오름,1926601
성륜사(곡성),1623712
하이원리조트,1362194
초콜릿박물관,130363
무주반디랜드,129561
흑산도 해상관광유람선,128940
문암1리해변 (자작도),128750
한라산(제주도국가지질공원),127635
광양매화마을,126669
화성베어팜,619598
율봄식물원,523284
용천동굴 [유네스코 세계자연유산],478113
드라마하우스,2610508
식민지역사박물관,2605803
소양호 막국수거리,2605271
주식회사 제이엠그랑블루요트,2571240
국립대전현충원,126003
"장호해수욕장(장호항, 장호해변)",125711
서귀포매일올레시장,1013258
소돌아들바위공원,129585
5·18기념공원,129444
부재산방,128995
금릉경포대,128274
거제지심도,128035
상주동학교당,127410
청간해변,126789
가파도,126446
대구두류공원,126131
해운대해수욕장,126081
강화도제적봉 평화전망대,631066
제부도 모세거리,611549
오이도음식문화거리,611529
토교저수지(철새도래지),561016
김포 사색의 길,2653113
동산청라언덕,2611140
브릭캠퍼스 제주,2606210
아야진항,2402703
성황산,1627360
고성탈박물관,130906
옥구공원,127362
원주 법천사지,127116
오웬기념각,127074
도산공원,126486
만장굴(제주도국가지질공원),126452
통도사[유네스코세계문화유산],126186
보은 속리 정이품송,126009
덕산도립공원,125815
춘천호,125747
한계령,125618
저동항,1506145
지산 포레스트 리조트 스키장,131723
더 파크 아프리카뮤지엄,130970
부산근대역사관,130694
예천권씨종가별당·예천권씨종택,129517
무안 식영정,129211
서울신림동민속순대타운,128015
울산대공원,127644
김포 수안산성,127403
안민고개,127384
승리전망대,732002
소안도,575754
한탄강주상절리길,2661698
초량이바구길,2605916
합천영상테마파크,2469441
물치해변,2398976
연대도 해수욕장,2022592
웃세오름,1973369
한국잡월드,1907759
설봉공원,1624755
횡성자연휴양림,407202
부천식물원,407030
갈남항,2400130
진천종박물관,130773
보성녹차밭,127869
지례예술촌,127254
태풍전망대,127162
영벽정,126979
직지사,126155
매물도,126087
함목몽돌해변,852439
하선대,799142
거문오름 [세계자연유산],636266
망우리공원,2650756
해남 해바라기농장,2611549
덕평공룡수목원,2514731
거제도해수보양온천,127966
혼인지,126465
주왕산국립공원,126020
정방사,125876
고마나루,2035859
월봉서원,1955610
임랑해수욕장,1939570
서천특화시장,132743
청평자연휴양림,127929
선재도(선재도 어촌체험마을),127851
반구정과 황희선생유적지,127680
대전오월드,127641
천전리각석계곡(울산),126068
비인 선도리 쌍도해안,1041580
파주 맛고을 음식문화거리,611704
민주지산 자연휴양림,407414
영수암(서천),337522
만덕사,2398807
안반데기 마을,2398216
혼불문학관,128126
설악산국립공원,127586
욕지도(유동어촌체험마을),127102
소록도(한센병박물관),126285
천리포해수욕장,125847
챔피언1250,2545035
완주상관편백숲,2522011
대산계곡,2518614
양동시장,2488243
교동향교,1953948
남평문씨본리세거지,1611891
남대문시장,132180
오천항,129639
비진도해수욕장,129589
남사예담촌,128440
망경암,304794
왕궁보석테마관광지(보석박물관),2660811
울산대교전망대,2612976
수창청춘맨숀,2605808
임자 대광해수욕장,126271
진하해수욕장,126096
아우라지,125777
낙산해수욕장,125702
국립 유명산자연휴양림,125409
굴업도(백패킹),1032715
수도국산달동네박물관,130800
정선향토박물관,130534
남당리 행복마을,129348
석부작박물관,129276
거제도포로수용소유적공원,127938
학동흑진주몽돌해변,127658
임대정원림,126978
국립 검마산자연휴양림,126745
풍도,126720
용평리조트,126715
의성 산운생태공원,791432
한밭수목원,741658
고산윤선도유적지,553319
용인 대장금 파크,2661408
강촌레일파크,1947118
군남홍수조절지 두루미테마파크,1541165
광천 토굴새우젓시장,132497
김포향교,125558
국립 용대자연휴양림,125412
세계조가비박물관,1220821
안성허브마을,1624617
우장춘기념관,1608725
나곡해수욕장,129630
송지 대죽리 조개잡이 체험장,129449
용진진,128821
천리포수목원,127820
강원도립화목원,127433
속리산국립공원(경북),126630
법흥사(영월),125758
망상해변,125713
회야댐 생태공원,2606206
견훤산성,252566
성주봉자연휴양림,252565
덕양사,250346
한강시민공원광나루지구(광나루한강공원),250252
조엄기념관,2396821
DMZ생태평화공원,2353577
지미봉,1918413
김광석길(김광석다시그리기길),1871383
계화도,1624939
양재천 생태공원,827585
의성 경덕왕릉,791209
영천 별빛마을,606248
곡성 메타세쿼이아길,2616190
강진영랑생가,127111
삼막사,127023
의성 탑산약수온천,126728
경주 포석정지,126208
고복자연공원,125875
덕산온천지구,125859
남산동 가톨릭타운(대구),1935606
365세이프타운,1762763
함벽루,1622710
조명박물관,130742
서울역사박물관,130361
경산임당동과조영동고분군,128173
세계꽃식물원,128111
수입천(하천),127897
허브나라농원,127770
김해 봉황동 유적,127129
해운대동백섬,987810
재미있는 추억 박물관,736110
장동산림욕장,705678
불탑사(제주),317558
의정부제일시장,2589146
낙엽송숲,2518624
강릉시립미술관,2396946
나주금성관,126412
화왕산군립공원,126038
보문사(강화),125533
개령암지 마애불상군,1607032
인사동 골동품거리,132544
국립광주박물관,129782
대포항,129596
강주연못,128670
한국차문화공원(대한다원),1282839
시화호,128065
중미산 천문대,127961
구암공원,126824
한라산 성판악,126436
경포가시연습지,2396955
강릉안목해맞이공원,2396948
번개과학체험관,2364633
청마문학관,229904
외옹치해변,1932003
피노지움,1918013
의왕조류생태과학관,1850672
단양 다누리아쿠아리움,1842088
중선암,1626649
사우당,1622907
월출산 기찬랜드,771686
용문산자연휴양림,407259
무안 도요지,323489
하늘공원,2654607
삼척 대학로,2518811
와동 생태곤충 체험관,2513112
금강정사,2404923
명지계곡,125493
명성산,125469
광치자연휴양림,1089831
성주경산리성밖숲,1621189
금강식물원,128830
여좌천(벚꽃명소),128792
속초 설악해맞이공원,128571
양평들꽃수목원,128220
바래봉,126675
문경새재도립공원,126017
단양 고수동굴,125861
고씨굴(강원고생대국가지질공원),125724
설악산국립공원(내설악),125584
안지랑곱창골목,998882
한강시민공원잠원지구(잠원한강공원),970342
백사실계곡,809372
경인아라뱃길유람선 현대크루즈호,562010
꽃절(화사),487729
국립일제강제동원역사관,2551424
화담숲,2436233
심곡서원,231916
장흥동학농민혁명기념관,2033461
하늘물빛정원,2022638
응봉산(울진),129490
용천사(함평),129246
정동진해변,128757
홍천 아로마 허브동산,128024
고운식물원,127852
경주세계문화엑스포공원,127487
선암사[유네스코세계문화유산],126369
송정해수욕장,126080
강화도,125502
서울풍물시장전통문화체험관,1164746
방천시장,2650890
무중력지대양천,2611895
광치기해변,2564158
김포독립운동기념관,2405073
고산창포마을,1920063
두맹이골목,1906211
용화사(대전),1623687
SOS박물관,1620910
남산 야외식물원,1603482
협재굴(한림공원),129619
대구칠성시장,998885
베어트리파크,730441
정읍 농산물도매시장,522463
장사도 유람선,2552450
구은사,1955957
창원솔라타워,1905207
응봉산(서울),1874105
인계예술공원,126618
경주 선덕여왕릉,126211
온양온천지구,125856
에덴밸리스키장(에덴밸리리조트),324429
장림포구,2606204
안목해변,127722
영덕해맞이공원,127710
춘장대해수욕장,126742
남산서울타워,126535
여수 진남관,126386
실상사(남원),126353
마곡사[유네스코세계문화유산],125894
방포해수욕장,125843
구미에코랜드,2500326
북한 반잠수정 전시관,229909
해우재,1925403
거제맹종죽테마공원,1846020
도구해수욕장,1621384
"함양 토종약초시장 (5, 10일)",1435235
춘천막국수체험박물관,130908
마라도가는 여객선,128802
익금해수욕장,127884
국립 미천골자연휴양림,127805
소매물도,575784
장의사(고성),479601
태평염전해양힐링스파,2660744
곡교천변은행나무길,2606725
풍혈냉천,2521979
부여 나성 [유네스코 세계문화유산],250259
거문도,126283
솔뫼성지,125969
고모저수지,125521
재인폭포 (한탄강 국가지질공원),125496
국립나주박물관,1906729
거창사건추모공원,1578089
홍성온천,127992
난지한강공원,127859
사촌해수욕장,127779
세종천문대,127731
황성공원,127619
오보 해수욕장,127161
무등산,127143
외돌개(제주),126470
느랭이골 자연 리조트,2481652
삼척 맹방유채꽃 마을,1993698
스플라스리솜,128732
창녕 신라 진흥왕 척경비,128678
압록유원지,128087
맹방해변,127872
구인사(단양),127677
초의선사 유적지,127177
경주 김유신묘,126203
청평호반,125517
만지도,2387093
용흥궁,231899
서천향교,1954666
내수전몽돌해변,1932815
통진두레문화센터,1730614
도산서당,1624554
순창고추장민속마을,1614506
안마도,1382503
제주돌마을공원 수석전시관,130856
돌산공원,128755
대구평화시장,998946
장흥자생수목원,631568
연미사(안동),337501
광덕사,298084
익산교도소세트장,2594360
양양지(위양못),2545984
자연아놀자 체험학습박물관,2398333
