title,img_src,content
계곡,https://static.vecteezy.com/system/resources/previews/004/639/366/non_2x/error-404-not-found-text-design-vector.jpg,이 테마는 굉장해 엄청나
바다,https://static.vecteezy.com/system/resources/previews/004/639/366/non_2x/error-404-not-found-text-design-vector.jpg,이 테마는 굉장해 엄청나
섬,https://static.vecteezy.com/system/resources/previews/004/639/366/non_2x/error-404-not-found-text-design-vector.jpg,이 테마는 굉장해 엄청나
숙소,https://static.vecteezy.com/system/resources/previews/004/639/366/non_2x/error-404-not-found-text-design-vector.jpg,이 테마는 굉장해 엄청나
박물관,https://static.vecteezy.com/system/resources/previews/004/639/366/non_2x/error-404-not-found-text-design-vector.jpg,이 테마는 굉장해 엄청나
스키,https://static.vecteezy.com/system/resources/previews/004/639/366/non_2x/error-404-not-found-text-design-vector.jpg,이 테마는 굉장해 엄청나
편의시설,https://static.vecteezy.com/system/resources/previews/004/639/366/non_2x/error-404-not-found-text-design-vector.jpg,이 테마는 굉장해 엄청나
캠핑,https://static.vecteezy.com/system/resources/previews/004/639/366/non_2x/error-404-not-found-text-design-vector.jpg,이 테마는 굉장해 엄청나
시장,https://static.vecteezy.com/system/resources/previews/004/639/366/non_2x/error-404-not-found-text-design-vector.jpg,이 테마는 굉장해 엄청나
골프,https://static.vecteezy.com/system/resources/previews/004/639/366/non_2x/error-404-not-found-text-design-vector.jpg,이 테마는 굉장해 엄청나
