세종특별자치시,울산광역시,대전광역시,인천광역시,부산광역시,경기도,서울특별시,전라북도,전라남도,충청북도,경상북도,대구광역시,광주광역시,충청남도,제주특별자치도,강원도,경상남도
대전광역시,울산광역시 남구,충청남도,경기도,경상남도,서울특별시,경기도,전라북도 전주시 완산구,광주광역시,경기도,대구광역시,경상북도,전라남도,경기도,제주특별자치도 서귀포시,경기도,부산광역시
충청남도,울산광역시 중구,대전광역시 서구,서울특별시,부산광역시 부산진구,인천광역시,서울특별시 강남구,전라북도 전주시 덕진구,전라남도 목포시,충청북도 청주시 상당구,경상북도 포항시 남구,대구광역시 중구,광주광역시 서구,서울특별시,서울특별시,서울특별시,경상남도 창원시 성산구
충청북도,경상북도,대전광역시 유성구,인천광역시 남동구,부산광역시 해운대구,강원도,서울특별시 서초구,충청남도,전라남도 순천시,충청북도 청주시 흥덕구,경상북도 포항시 북구,대구광역시 달서구,광주광역시 북구,충청남도 천안시 동남구,제주특별자치도 제주시,강원도 강릉시,경상남도 창원시 의창구
서울특별시,부산광역시,대전광역시 중구,인천광역시 미추홀구,부산광역시 중구,서울특별시 강남구,서울특별시 중구,전라북도 완주군,서울특별시,충청북도 청주시 서원구,서울특별시,대구광역시 동구,광주광역시 동구,대전광역시,경기도,충청북도,경상남도 창원시 마산합포구
경기도,울산광역시 북구,대전광역시 동구,경기도 부천시,부산광역시 동래구,충청남도,서울특별시 종로구,서울특별시,전라북도,서울특별시,경기도,대구광역시 북구,광주광역시 광산구,충청남도 천안시 서북구,부산광역시,강원도 춘천시,경상남도 창원시 마산회원구
대전광역시 유성구,울산광역시 울주군,충청북도,인천광역시 부평구,부산광역시 수영구,경기도 화성시,서울특별시 마포구,전라남도,전라남도 무안군,충청북도 청주시 청원구,경상남도,대구광역시 수성구,광주광역시 남구,충청남도 아산시,서울특별시 강서구,강원도 속초시,경상북도
충청남도 공주시,경상남도,대전광역시 대덕구,인천광역시 중구,부산광역시 기장군,경기도 성남시 분당구,서울특별시 영등포구,경기도,경기도,충청남도,대구광역시 동구,대구광역시 남구,전라북도,전라북도,전라남도,강원도 원주시,경상남도 김해시
대전광역시 서구,경상북도 경주시,서울특별시,인천광역시 연수구,부산광역시 연제구,경기도 수원시 팔달구,강원도,전라북도 익산시,광주광역시 광산구,대전광역시,부산광역시,대구광역시 달성군,전라남도 담양군,충청북도,경상남도,경상북도,서울특별시
충청북도 청주시 흥덕구,울산광역시 동구,경기도,인천광역시 서구,부산광역시 강서구,서울특별시 서초구,서울특별시 용산구,전라북도 김제시,광주광역시 북구,강원도,경상북도 경주시,경상북도 경산시,전라남도 나주시,충청남도 예산군,인천광역시,강원도 양양군,경상남도 진주시
전라북도,서울특별시,세종특별자치시(구군 기준),경기도 김포시,부산광역시 동구,서울특별시 송파구,서울특별시 송파구,전라북도 군산시,광주광역시 서구,경상북도,대구광역시 수성구,경상남도,전라남도 화순군,충청남도 서산시,서울특별시 강남구,강원도 삼척시,경기도
대전광역시 대덕구,부산광역시 기장군,세종특별자치시(시도 기준),인천광역시 계양구,부산광역시 금정구,경기도 수원시 영통구,인천광역시,광주광역시,경상남도,충청북도 진천군,경상북도 구미시,대구광역시 서구,서울특별시,경기도 평택시,대구광역시,강원도 동해시,대구광역시
대전광역시 중구,경상남도 양산시,전라북도,강원도,부산광역시 남구,경기도 용인시 기흥구,서울특별시 서대문구,전라북도 정읍시,전라남도 여수시,충청북도 음성군,대구광역시 중구,서울특별시,경기도,인천광역시,경상북도,강원도 횡성군,부산광역시 강서구
경상북도,경기도,충청남도 공주시,충청남도,부산광역시 사상구,경기도 고양시 일산동구,서울특별시 광진구,전라북도 부안군,전라남도 광양시,세종특별자치시(시도 기준),울산광역시,경상북도 칠곡군,전라남도 장성군,충청남도 홍성군,광주광역시,강원도 평창군,경상남도 사천시
대전광역시 동구,대구광역시,충청남도 금산군,경기도 시흥시,경상남도 양산시,충청북도,서울특별시 성동구,대전광역시,전라남도 영암군,세종특별자치시(구군 기준),대구광역시 북구,부산광역시,전라남도 순천시,충청남도 당진시,충청북도,강원도 홍천군,울산광역시
충청남도 천안시 동남구,부산광역시 해운대구,경상북도,서울특별시 강서구,경상북도,경기도 안산시 단원구,서울특별시 동대문구,전라북도 임실군,광주광역시 동구,충청북도 충주시,경상북도 안동시,경기도,충청남도,대전광역시 서구,강원도,강원도 고성군,전라남도
충청북도 청주시 서원구,제주특별자치도,충청남도 논산시,인천광역시 동구,경상남도 김해시,경기도 수원시 권선구,서울특별시 노원구,경상남도,전라남도 해남군,충청북도 괴산군,대구광역시 달서구,경상북도 구미시,전라남도 목포시,충청남도 공주시,충청남도,인천광역시,부산광역시 부산진구
강원도,부산광역시 부산진구,충청북도 옥천군,서울특별시 강남구,서울특별시,서울특별시 중구,서울특별시 강서구,충청남도 서천군,광주광역시 남구,충청북도 증평군,충청북도,경상북도 경주시,경상남도,충청남도 태안군,전라북도,충청남도,경상남도 창원시 진해구
부산광역시,전라남도,강원도,서울특별시 영등포구,부산광역시 서구,서울특별시 종로구,서울특별시 동작구,충청북도,충청남도,전라북도,강원도,경상북도 청도군,전라남도 함평군,강원도,서울특별시 서초구,충청북도 제천시,경상남도 함안군
전라남도,강원도,충청북도 청주시 서원구,경기도 화성시,울산광역시,경기도 남양주시,충청남도,전라북도 남원시,전라남도 나주시,충청북도 제천시,경상북도 칠곡군,경상북도 영천시,전라남도 영광군,충청남도 보령시,서울특별시 종로구,서울특별시 강남구,부산광역시 해운대구
경상남도,경상남도 밀양시,경상남도,서울특별시 마포구,부산광역시 사하구,경기도 용인시 처인구,서울특별시 성북구,전라북도 고창군,부산광역시,인천광역시,경상북도 경산시,경상북도 포항시 북구,전라남도 무안군,대전광역시 유성구,서울특별시 중구,강원도 정선군,경상남도 통영시
제주특별자치도,경상남도 김해시,부산광역시,충청북도,부산광역시 북구,경기도 고양시 일산서구,서울특별시 관악구,전라북도 진안군,전라남도 보성군,경기도 이천시,경상북도 김천시,경상북도 고령군,전라남도 여수시,세종특별자치시(구군 기준),서울특별시 마포구,경기도 여주시,경상남도 거제시
충청북도 청주시 상당구,충청북도,전라남도,서울특별시 서초구,부산광역시 영도구,서울특별시 마포구,경기도 남양주시,제주특별자치도,전라남도 신안군,경상남도,경상북도 영덕군,경상북도 성주군,제주특별자치도,세종특별자치시(시도 기준),서울특별시 송파구,부산광역시,경상남도 고성군
충청북도 청주시 청원구,충청남도,제주특별자치도,인천광역시 강화군,경기도,경기도 파주시,경기도 하남시,부산광역시,전라남도 강진군,대전광역시 서구,대구광역시 달성군,제주특별자치도,전라남도 곡성군,경기도 화성시,대전광역시,제주특별자치도,부산광역시 기장군
서울특별시 강남구,경상북도 포항시 북구,충청남도 계룡시,경기도 안산시 단원구,울산광역시 울주군,서울특별시 영등포구,경기도 고양시 덕양구,경상북도,제주특별자치도,경기도 안성시,경상북도 영천시,충청북도,전라남도 영암군,경상북도,부산광역시 강서구,경기도 가평군,경상남도 밀양시
인천광역시,경상북도 포항시 남구,대구광역시,서울특별시 중구,전라남도,경기도 안양시 동안구,서울특별시 구로구,강원도,전라남도 고흥군,부산광역시,경상북도 상주시,울산광역시,부산광역시,전라남도,서울특별시 영등포구,강원도 인제군,부산광역시 북구
대구광역시,제주특별자치도 제주시,충청남도 보령시,제주특별자치도,대구광역시,경기도 시흥시,부산광역시,인천광역시,전라남도 화순군,제주특별자치도,충청남도,경상북도 군위군,전라북도 고창군,전라북도 군산시,서울특별시 서대문구,경기도 양평군,부산광역시 사상구
충청남도 논산시,부산광역시 금정구,충청남도 천안시 동남구,서울특별시 종로구,경상북도 경주시,경기도 수원시 장안구,서울특별시 강동구,충청남도 논산시,전라남도 장흥군,대전광역시 동구,경상북도 예천군,강원도,전라남도 보성군,충청남도 논산시,서울특별시 용산구,서울특별시 송파구,전라북도
충청남도 천안시 서북구,전라북도,충청북도 청주시 흥덕구,서울특별시 구로구,제주특별자치도,경기도 구리시,서울특별시 양천구,광주광역시 광산구,경상북도,대전광역시 유성구,대구광역시 남구,경상북도 포항시 남구,제주특별자치도 제주시,경상남도,부산광역시 해운대구,강원도 태백시,경상남도 양산시
서울특별시 중구,부산광역시 강서구,인천광역시,경상북도,경상남도 창원시 진해구,경기도 고양시 덕양구,제주특별자치도,광주광역시 북구,전라남도 함평군,강원도 원주시,경상북도 문경시,경상북도 안동시,전라남도 해남군,충청남도 부여군,울산광역시,경상남도,경상남도 창녕군
서울특별시 용산구,부산광역시 수영구,충청북도 청주시 상당구,경기도 파주시,경상남도 거제시,경기도 광주시,서울특별시 강북구,전라북도 순창군,전라남도 담양군,충청남도 천안시 동남구,경상북도 영주시,경상북도 의성군,경상북도,대전광역시 중구,경기도 성남시 분당구,강원도 영월군,제주특별자치도
충청남도 아산시,경상남도 거제시,서울특별시 강남구,전라북도,경상남도 밀양시,서울특별시 강서구,서울특별시 중랑구,충청남도 보령시,인천광역시,전라남도,제주특별자치도,충청남도,전라북도 정읍시,경기도 안성시,광주광역시 광산구,경기도 남양주시,울산광역시 울주군
서울특별시 서초구,대구광역시 동구,충청남도 부여군,부산광역시,울산광역시 남구,경상북도,충청북도,제주특별자치도 제주시,전라남도 구례군,충청북도 보은군,경상북도 의성군,전라남도,전라북도 순창군,부산광역시,전라남도 여수시,경기도 포천시,부산광역시 금정구
충청남도 보령시,제주특별자치도 서귀포시,제주특별자치도 제주시,전라남도,경상남도 창원시 의창구,경기도 용인시 수지구,경기도 부천시,광주광역시 서구,제주특별자치도 제주시,대전광역시 중구,대전광역시,경상남도 창녕군,대전광역시,제주특별자치도,서울특별시 관악구,서울특별시 서초구,경상남도 산청군
광주광역시,부산광역시 남구,충청북도 청주시 청원구,경기도 고양시 덕양구,제주특별자치도 제주시,경기도 성남시 수정구,경기도 성남시 분당구,전라남도 여수시,전라남도 완도군,대전광역시 대덕구,전라남도,제주특별자치도 제주시,전라남도 장흥군,대전광역시 동구,경기도 부천시,전라남도,충청남도
제주특별자치도 제주시,경상북도 경산시,충청북도 영동군,서울특별시 용산구,강원도,제주특별자치도,서울특별시 도봉구,전라북도 장수군,전라남도 진도군,대구광역시,경상북도 청송군,경상북도 김천시,전라남도 강진군,서울특별시 강남구,전라남도 목포시,대전광역시,부산광역시 사하구
충청남도 부여군,경상북도 청도군,충청남도 천안시 서북구,경기도 고양시 일산동구,경상남도 창원시 성산구,서울특별시 용산구,경상북도,서울특별시 강남구,전라북도 고창군,서울특별시 강남구,경상북도 울진군,경상남도 합천군,전라남도 고흥군,서울특별시 서초구,서울특별시 동작구,대구광역시,부산광역시 동래구
서울특별시 종로구,부산광역시 동래구,전라북도 무주군,서울특별시 서대문구,충청북도,전라북도,서울특별시 은평구,충청남도 공주시,강원도,경기도 화성시,울산광역시 북구,전라북도,강원도,충청남도 청양군,경기도 남양주시,서울특별시 광진구,경상북도 경주시
경기도 화성시,대전광역시,충청남도 예산군,경기도 광명시,경상남도 진주시,부산광역시,경기도 구리시,서울특별시 서초구,전라북도 남원시,서울특별시 서초구,전라북도,부산광역시 해운대구,서울특별시 강남구,대구광역시,부산광역시 부산진구,전라북도,부산광역시 중구
서울특별시 영등포구,인천광역시,광주광역시,경상남도,충청남도,경기도 하남시,전라북도,대전광역시 서구,경상남도 하동군,제주특별자치도 제주시,울산광역시 남구,대전광역시,충청북도,충청남도 서천군,경기도 화성시,강원도 화천군,경상남도 남해군
제주특별자치도 서귀포시,부산광역시 중구,충청남도 아산시,서울특별시 송파구,전라북도,경기도 의왕시,경기도 파주시,전라남도 담양군,충청북도,충청북도 단양군,경상북도 군위군,경상남도 거창군,인천광역시,전라북도 익산시,대구광역시 동구,경기도 이천시,부산광역시 수영구
서울특별시 송파구,경상북도 영천시,서울특별시 서초구,제주특별자치도 제주시,제주특별자치도 서귀포시,경기도 평택시,경기도 광명시,대전광역시 유성구,대전광역시,충청북도 옥천군,경상북도 봉화군,제주특별자치도 서귀포시,전라남도 광양시,제주특별자치도 제주시,충청북도 청주시 청원구,충청북도 충주시,충청북도
충청남도 예산군,서울특별시 강남구,서울특별시 용산구,서울특별시 관악구,경상남도 통영시,경기도 안성시,전라남도,충청남도 부여군,전라남도 영광군,충청남도 천안시 서북구,경상북도 청도군,경상북도 상주시,제주특별자치도 서귀포시,광주광역시,경기도 김포시,서울특별시 중구,경상남도 하동군
충청남도 금산군,부산광역시 북구,서울특별시 중구,서울특별시 양천구,경상남도 사천시,경기도 의정부시,경기도 의정부시,전라북도 무주군,전라남도 곡성군,경기도 평택시,대구광역시 서구,경상북도 영덕군,전라북도 남원시,대전광역시 대덕구,서울특별시 광진구,제주특별자치도 제주시,경상남도 의령군
충청북도 옥천군,부산광역시 연제구,제주특별자치도 서귀포시,서울특별시 동작구,서울특별시 강남구,경기도 이천시,경기도 김포시,전라남도 순천시,전라남도 장성군,서울특별시 송파구,인천광역시,서울특별시 강남구,전라남도 완도군,충청북도 청주시 흥덕구,경기도 고양시 덕양구,서울특별시 종로구,강원도
경기도 안성시,대구광역시 달서구,충청남도 태안군,경기도 고양시 일산서구,경상남도 창원시 마산합포구,경기도 오산시,경상남도,경기도 화성시,서울특별시 강남구,경기도 여주시,울산광역시 울주군,인천광역시,전라북도 전주시 완산구,서울특별시 송파구,서울특별시 성동구,서울특별시 용산구,부산광역시 남구
충청남도 태안군,대구광역시 북구,전라북도 완주군,대전광역시,인천광역시,전라남도,경기도 고양시 일산동구,제주특별자치도 서귀포시,제주특별자치도 서귀포시,충청남도 아산시,부산광역시 해운대구,경상남도 밀양시,전라남도 신안군,서울특별시 용산구,전라남도 완도군,경기도 하남시,경상남도 합천군
서울특별시 서대문구,경상남도 창원시 의창구,경기도 화성시,경기도 평택시,대전광역시,서울특별시 구로구,서울특별시 금천구,대구광역시,대구광역시,경기도 용인시 처인구,제주특별자치도 제주시,경상남도 김해시,전라북도 전주시 덕진구,서울특별시 영등포구,서울특별시 성북구,경기도 광주시,제주특별자치도 제주시
경기도 평택시,대구광역시 수성구,전라북도 익산시,경기도 남양주시,울산광역시 중구,경기도 성남시 중원구,경기도 화성시,전라남도 영광군,서울특별시 용산구,강원도 영월군,경상북도 성주군,부산광역시 기장군,전라남도 구례군,서울특별시 중구,경기도 고양시 일산동구,강원도 양구군,부산광역시 연제구
서울특별시 마포구,부산광역시 동구,전라북도 군산시,경기도 용인시 처인구,경상남도 함안군,경기도 안산시 상록구,경기도 양평군,서울특별시 용산구,전라북도 군산시,강원도 강릉시,서울특별시 강남구,서울특별시 중구,전라북도 군산시,충청북도 청주시 청원구,광주광역시 서구,서울특별시 마포구,부산광역시 서구
충청남도 계룡시,대구광역시 중구,충청북도 보은군,제주특별자치도 서귀포시,경상북도 포항시 북구,서울특별시 강동구,경기도 광주시,전라남도 장성군,전라북도 전주시 완산구,충청남도 공주시,부산광역시 기장군,경상북도 문경시,전라북도 부안군,서울특별시 종로구,경기도 용인시 기흥구,경기도 화성시,울산광역시 남구
충청북도 충주시,서울특별시 중구,서울특별시 송파구,경기도 가평군,경상북도 청도군,경기도 안양시 만안구,제주특별자치도 제주시,대전광역시 중구,전라북도 전주시 덕진구,충청남도 보령시,제주특별자치도 서귀포시,경상북도 청송군,전라북도 익산시,경기도 부천시,서울특별시 노원구,서울특별시 영등포구,부산광역시 동구
전라북도 군산시,부산광역시 사상구,충청남도 서산시,서울특별시 금천구,경상북도 포항시 남구,경기도 양주시,경기도 성남시 수정구,서울특별시 송파구,경상남도 사천시,제주특별자치도 서귀포시,경상남도 김해시,서울특별시 용산구,서울특별시 용산구,경기도 용인시 처인구,서울특별시 구로구,경기도 성남시 분당구,대구광역시 달성군
경기도 성남시 분당구,경상남도 진주시,전라북도 전주시 완산구,경기도 성남시 분당구,서울특별시 강서구,서울특별시 서대문구,경기도 가평군,광주광역시 동구,서울특별시 서초구,경상북도 상주시,충청북도 충주시,경상남도 거제시,대구광역시,제주특별자치도 서귀포시,서울특별시 강동구,제주특별자치도 서귀포시,대전광역시
전라북도 전주시 완산구,부산광역시 사하구,경기도 안성시,경기도 이천시,서울특별시 중구,서울특별시 광진구,대전광역시,충청남도 천안시 동남구,경기도 화성시,서울특별시 중구,울산광역시 중구,울산광역시 울주군,서울특별시 서초구,경기도 수원시 팔달구,서울특별시 양천구,경기도 의정부시,경상남도 거창군
충청북도 음성군,경상남도 통영시,서울특별시 종로구,충청남도 당진시,울산광역시 북구,서울특별시 노원구,인천광역시 중구,세종특별자치시(시도 기준),전라북도 익산시,경상북도 문경시,부산광역시 부산진구,울산광역시 남구,전라남도 진도군,경기도 안산시 단원구,경기도 파주시,서울특별시 서대문구,경상남도 함양군
충청남도 서산시,경상북도 영덕군,충청북도 충주시,경기도 광주시,경상남도 남해군,경기도 부천시,대구광역시,세종특별자치시(구군 기준),서울특별시 송파구,충청북도 영동군,경상남도 양산시,부산광역시 부산진구,전라북도 완주군,경기도 용인시 기흥구,서울특별시 동대문구,경기도 용인시 처인구,인천광역시
울산광역시,부산광역시 영도구,충청남도 당진시,인천광역시 옹진군,경상남도 창녕군,경기도 군포시,경기도 양주시,전라남도 곡성군,울산광역시,서울특별시 종로구,서울특별시 중구,경상북도 예천군,충청남도 공주시,경기도 시흥시,서울특별시 은평구,서울특별시 강동구,부산광역시 영도구
충청남도 당진시,경상북도 안동시,경기도 평택시,대구광역시,전라남도 여수시,경상남도,경기도 포천시,전라남도 구례군,전라북도 임실군,서울특별시 광진구,경상남도 밀양시,경상북도 영주시,서울특별시 송파구,서울특별시 마포구,광주광역시 북구,서울특별시 동대문구,대구광역시 달서구
전라북도 익산시,경상남도 사천시,전라북도 전주시 덕진구,경기도 양주시,경상남도 창원시 마산회원구,경기도 포천시,경기도 시흥시,전라남도 목포시,충청남도 공주시,광주광역시,서울특별시 송파구,경상북도 울진군,경기도 화성시,울산광역시,대전광역시 유성구,서울특별시 강서구,전라남도 여수시
충청남도 홍성군,경상남도 창원시 성산구,충청남도 홍성군,강원도 강릉시,울산광역시 동구,경기도 양평군,제주특별자치도 서귀포시,서울특별시 종로구,전라북도 순창군,경기도 광주시,충청북도 단양군,부산광역시 수영구,서울특별시 중구,경기도 오산시,인천광역시 중구,경상북도 울진군,제주특별자치도 서귀포시
충청남도 청양군,서울특별시 용산구,서울특별시 영등포구,경기도 양평군,경상남도 고성군,경기도 광명시,경기도 용인시 처인구,서울특별시 중구,전라북도 정읍시,서울특별시 영등포구,서울특별시 서초구,서울특별시 종로구,서울특별시 종로구,경기도 성남시 분당구,경상남도 김해시,경기도 구리시,전라남도 광양시
충청남도 서천군,전라남도 여수시,충청남도 서천군,경기도 안산시 상록구,대구광역시 동구,서울특별시 관악구,경기도 고양시 일산서구,대전광역시 동구,경상남도 남해군,서울특별시 용산구,서울특별시 용산구,서울특별시 서초구,부산광역시 해운대구,인천광역시 남동구,경기도 의정부시,서울특별시 노원구,대구광역시 동구
전라북도 전주시 덕진구,부산광역시 서구,충청북도 음성군,광주광역시,서울특별시 용산구,경기도 김포시,경기도 과천시,경기도 평택시,경상남도 진주시,경기도 성남시 분당구,경기도 화성시,경상남도 통영시,서울특별시 영등포구,충청북도 청주시 서원구,경기도 수원시 영통구,경기도 부천시,서울특별시 강남구
경기도 용인시 기흥구,경상북도 구미시,서울특별시 마포구,서울특별시 성동구,광주광역시,서울특별시 성동구,경기도 용인시 기흥구,충청남도 금산군,부산광역시 해운대구,충청남도 금산군,강원도 삼척시,경상남도 양산시,대전광역시 유성구,충청북도 충주시,경기도 하남시,충청북도 단양군,전라남도 순천시
부산광역시 해운대구,광주광역시,울산광역시,경기도 안양시 만안구,경상남도 하동군,인천광역시 서구,경기도 이천시,서울특별시 영등포구,서울특별시 종로구,경기도 용인시 기흥구,울산광역시 동구,서울특별시 송파구,서울특별시 마포구,경기도 이천시,부산광역시 중구,서울특별시 관악구,광주광역시
전라북도 무주군,서울특별시 송파구,경기도 이천시,경기도 포천시,서울특별시 종로구,대전광역시,광주광역시,충청남도 천안시 서북구,서울특별시 중구,울산광역시,경상남도 거제시,광주광역시,전라북도 김제시,전라북도 전주시 완산구,인천광역시 서구,경상북도 안동시,대구광역시 중구
충청북도 진천군,서울특별시 종로구,충청남도 청양군,서울특별시 광진구,경상남도 산청군,제주특별자치도 제주시,강원도 춘천시,서울특별시 마포구,경상남도 거제시,서울특별시 마포구,서울특별시 종로구,경상남도 진주시,서울특별시 서대문구,충청남도 계룡시,인천광역시 연수구,서울특별시 성동구,대구광역시 북구
충청북도 보은군,서울특별시 강서구,부산광역시 해운대구,경기도 안양시 동안구,서울특별시 서초구,경기도 가평군,강원도 강릉시,경기도 안성시,서울특별시 영등포구,충청남도 당진시,강원도 강릉시,부산광역시 동구,대전광역시 서구,경기도 수원시 영통구,경기도 용인시 수지구,울산광역시,서울특별시 서초구
경상북도 경주시,경상남도 창원시 진해구,전라남도 여수시,서울특별시 은평구,서울특별시 송파구,인천광역시 부평구,인천광역시 서구,충청남도 태안군,서울특별시 강서구,경상북도 김천시,충청북도 영동군,경상남도 창원시 의창구,전라북도 임실군,경기도 수원시 권선구,대구광역시 수성구,경기도 용인시 기흥구,경상북도 경산시
전라북도 완주군,경상남도 창원시 마산합포구,경상북도 경주시,경기도 안성시,대구광역시 수성구,인천광역시 남동구,경기도 안양시 동안구,대전광역시 대덕구,전라북도 부안군,충청남도 태안군,경상북도 영양군,경상남도 사천시,서울특별시 강서구,충청북도 진천군,인천광역시 남동구,광주광역시,경상북도 청도군
경기도 용인시 처인구,경기도 화성시,서울특별시 서대문구,경기도 수원시 팔달구,서울특별시 마포구,경기도 여주시,경기도 안양시 만안구,충청남도 아산시,경상남도 김해시,경기도 하남시,경상북도 고령군,경기도 화성시,세종특별자치시(구군 기준),전라북도 전주시 덕진구,부산광역시 수영구,서울특별시 동작구,대구광역시 수성구
경기도 이천시,서울특별시 서초구,경기도 성남시 분당구,충청남도 태안군,경상남도 합천군,서울특별시 은평구,강원도 속초시,서울특별시 서대문구,전라북도 완주군,경기도 남양주시,강원도 원주시,서울특별시 마포구,세종특별자치시(시도 기준),충청북도 청주시 상당구,경기도 수원시 팔달구,경기도 고양시 덕양구,경상북도 포항시 북구
서울특별시 관악구,대구광역시 달성군,충청북도 진천군,경기도 용인시 기흥구,대구광역시 중구,서울특별시 동작구,경기도 수원시 영통구,경상남도 함양군,서울특별시 마포구,강원도 평창군,광주광역시,전라남도 여수시,충청남도 천안시 동남구,충청북도 음성군,대전광역시 서구,서울특별시 성북구,경상북도 포항시 남구
전라남도 여수시,경상북도 울진군,경상북도 김천시,경기도 의정부시,대구광역시 달서구,인천광역시 중구,인천광역시 부평구,광주광역시 남구,경상남도 통영시,전라북도 무주군,대전광역시 유성구,경상남도 창원시 마산합포구,경기도 평택시,서울특별시 서대문구,경상북도 경주시,경기도 파주시,서울특별시 중구
강원도 강릉시,경상북도 상주시,강원도 강릉시,충청남도 서산시,서울특별시 영등포구,서울특별시 동대문구,경기도 안산시 단원구,울산광역시,경기도 평택시,경기도 부천시,경기도 이천시,서울특별시 영등포구,경상북도 경주시,인천광역시 미추홀구,경기도 용인시 처인구,경기도 평택시,경상북도 구미시
충청북도 영동군,서울특별시 마포구,경상북도 구미시,충청남도 아산시,대구광역시 북구,서울특별시 금천구,경기도 용인시 수지구,경기도 성남시 분당구,대전광역시 유성구,경상북도 경주시,경상남도 거창군,경상남도 창원시 성산구,충청남도 보령시,서울특별시 강서구,경기도 고양시 일산서구,서울특별시 중랑구,울산광역시 중구
충청북도 괴산군,경상북도 군위군,서울특별시 관악구,경기도 하남시,경상북도 구미시,대구광역시,경기도 평택시,충청남도 서산시,서울특별시 서대문구,경기도 안산시 단원구,경상남도 합천군,대전광역시 유성구,울산광역시,인천광역시 서구,경기도 광주시,경상북도 경주시,울산광역시 북구
경기도 광명시,경상남도 남해군,경기도 용인시 처인구,강원도 춘천시,경상북도 경산시,서울특별시 중랑구,경기도 여주시,충청남도 당진시,경기도 부천시,경기도 시흥시,부산광역시 수영구,울산광역시 북구,경상남도 하동군,전라남도 여수시,인천광역시 부평구,충청북도 음성군,전라북도 무주군
서울특별시 강서구,서울특별시 영등포구,서울특별시 광진구,충청남도 천안시 동남구,전라남도 순천시,인천광역시 연수구,인천광역시 연수구,전라남도 나주시,경상북도 경주시,경상북도 구미시,서울특별시 영등포구,부산광역시 강서구,서울특별시 관악구,서울특별시 구로구,전라북도 군산시,경기도 고양시 일산동구,서울특별시 송파구
서울특별시 광진구,강원도 강릉시,경기도 용인시 기흥구,경기도 수원시 영통구,경상남도 의령군,제주특별자치도 서귀포시,경기도 안성시,서울특별시 관악구,서울특별시 관악구,서울특별시 서대문구,대전광역시 서구,부산광역시 중구,경상남도 사천시,전라북도 완주군,부산광역시 기장군,경기도 수원시 팔달구,대구광역시 남구
경기도 부천시,서울특별시 서대문구,대구광역시 동구,강원도 속초시,서울특별시 서대문구,강원도 강릉시,강원도 홍천군,전라남도 광양시,충청남도 천안시 동남구,경기도 수원시 팔달구,서울특별시 마포구,서울특별시 서대문구,경상남도 거제시,서울특별시 관악구,세종특별자치시(시도 기준),강원도 철원군,울산광역시 동구
서울특별시 동작구,경기도 평택시,경상북도 상주시,경기도 군포시,전라남도 광양시,경기도 과천시,강원도 원주시,경기도 용인시 기흥구,부산광역시 부산진구,충청남도 논산시,경기도 평택시,경기도 평택시,경기도 안성시,인천광역시 연수구,세종특별자치시(구군 기준),경기도 시흥시,서울특별시 종로구
경기도 수원시 팔달구,경상남도 함안군,강원도 원주시,서울특별시 동대문구,경상북도 영덕군,서울특별시 성북구,경기도 의왕시,부산광역시 해운대구,대전광역시 서구,경기도 수원시 영통구,충청북도 제천시,울산광역시 동구,경기도 성남시 분당구,인천광역시 부평구,경기도 시흥시,서울특별시 구로구,전라북도 남원시
강원도 원주시,경상남도 창녕군,경기도 수원시 팔달구,강원도 원주시,경상북도 안동시,서울특별시 양천구,인천광역시 남동구,경기도 용인시 처인구,경기도 성남시 분당구,전라북도 군산시,부산광역시 강서구,충청북도 옥천군,충청남도 논산시,충청남도 금산군,대구광역시 북구,대전광역시 유성구,서울특별시 강서구
대구광역시 동구,대구광역시 남구,충청북도 제천시,서울특별시 성북구,경상남도 함양군,충청남도 아산시,부산광역시 해운대구,경기도 부천시,세종특별자치시(구군 기준),서울특별시 관악구,경상남도 창녕군,경기도 이천시,충청남도 천안시 서북구,강원도 강릉시,대구광역시 달서구,경기도 수원시 영통구,경기도 화성시
경기도 남양주시,경상남도 창원시 마산회원구,서울특별시 강서구,경기도 의왕시,경기도 화성시,강원도 춘천시,경기도 수원시 팔달구,서울특별시 광진구,세종특별자치시(시도 기준),서울특별시 강동구,서울특별시 광진구,울산광역시 중구,경상남도 남해군,경기도 남양주시,전라북도 전주시 완산구,인천광역시 남동구,서울특별시 용산구
경기도 수원시 영통구,경상북도 칠곡군,충청북도 괴산군,경기도 수원시 권선구,경상남도 거창군,강원도 원주시,경기도 성남시 중원구,서울특별시 강서구,부산광역시 기장군,충청남도 서산시,경상남도 진주시,충청북도 충주시,서울특별시 동작구,인천광역시 중구,충청남도 천안시 동남구,인천광역시 서구,경상북도 고령군
충청북도 제천시,전라남도 순천시,경상남도 거제시,서울특별시 강동구,대구광역시 달성군,충청남도 천안시 동남구,인천광역시 강화군,충청북도 청주시 흥덕구,충청남도 당진시,강원도 속초시,경상남도 통영시,경상남도 함양군,서울특별시 광진구,충청북도 옥천군,경상남도 통영시,경기도 양주시,경기도 평택시
광주광역시 북구,경상남도 거창군,경기도 수원시 영통구,서울특별시 노원구,경상북도 칠곡군,서울특별시 도봉구,강원도 양양군,경기도 시흥시,경기도 용인시 처인구,서울특별시 강서구,강원도 태백시,경상남도 남해군,경기도 용인시 처인구,서울특별시 광진구,경기도 평택시,경기도 안성시,서울특별시 마포구
광주광역시 광산구,경상남도 고성군,전라북도 부안군,강원도 평창군,경상북도 영천시,충청남도 천안시 서북구,강원도 평창군,서울특별시 동작구,서울특별시 동작구,부산광역시 해운대구,부산광역시 중구,대전광역시 서구,충청남도 아산시,경기도 안산시 상록구,부산광역시 남구,경기도 김포시,서울특별시 영등포구
서울특별시 성북구,경상북도 김천시,경기도 광명시,충청북도 충주시,서울특별시 관악구,인천광역시 계양구,충청남도 천안시 동남구,전라남도 무안군,충청남도 천안시 서북구,강원도 춘천시,서울특별시 서대문구,경상북도 봉화군,전라북도 무주군,서울특별시 동작구,인천광역시 미추홀구,경기도 안산시 단원구,경상북도 안동시
서울특별시 성동구,경상남도 하동군,경기도 부천시,경기도 여주시,경기도 평택시,강원도 속초시,인천광역시 계양구,경상북도 경주시,경기도 남양주시,경기도 오산시,부산광역시 금정구,경상남도 함안군,경상남도 거창군,경기도 파주시,대구광역시 중구,인천광역시 중구,대전광역시 유성구
서울특별시 구로구,대전광역시 유성구,부산광역시 동구,경기도 과천시,경상북도 울진군,광주광역시,울산광역시,충청북도 영동군,경기도 광명시,경기도 수원시 권선구,충청북도 괴산군,강원도 강릉시,경기도 광명시,경기도 김포시,전라남도 진도군,인천광역시 부평구,서울특별시 서대문구
광주광역시 서구,경상북도 청송군,경상북도 포항시 북구,충청남도 천안시 서북구,대전광역시 유성구,충청남도 당진시,인천광역시 미추홀구,경기도 남양주시,경기도 안성시,경상북도 안동시,부산광역시 남구,충청북도 단양군,경기도 용인시 기흥구,경기도 광명시,경기도 안양시 동안구,경기도 수원시 권선구,경상북도 칠곡군
인천광역시 중구,충청남도 아산시,서울특별시 성동구,강원도 홍천군,강원도 강릉시,인천광역시 미추홀구,경기도 군포시,경기도 안산시 단원구,경기도 시흥시,경기도 양평군,대전광역시 동구,부산광역시 남구,부산광역시 수영구,경상북도 경주시,전라남도 순천시,인천광역시 미추홀구,전라남도 구례군
경기도 시흥시,경상남도 합천군,경기도 남양주시,경기도 수원시 장안구,경상북도 상주시,인천광역시 강화군,충청북도 충주시,경상남도 거제시,충청남도 보령시,인천광역시 중구,경상남도 창원시 의창구,충청남도 천안시 동남구,서울특별시 성동구,경기도 광주시,충청북도 청주시 흥덕구,경상북도 봉화군,경상북도 김천시
경상북도 상주시,경상북도 문경시,서울특별시 동작구,울산광역시,경상북도 김천시,충청북도 충주시,경기도 수원시 장안구,경상남도 거창군,경기도 용인시 기흥구,충청남도 예산군,강원도 동해시,경상남도 창원시 진해구,경상남도 통영시,경기도 수원시 장안구,경기도 수원시 권선구,경상북도 영주시,경기도 이천시
경기도 고양시 덕양구,경기도 이천시,전라북도 진안군,충청남도 보령시,경기도 성남시 분당구,강원도 홍천군,경기도 수원시 권선구,경기도 수원시 팔달구,충청남도 서산시,인천광역시 남동구,부산광역시 동구,경상남도 창원시 마산회원구,경상남도 진주시,경기도 고양시 덕양구,울산광역시 남구,인천광역시 연수구,충청남도 천안시 동남구
경기도 안산시 단원구,서울특별시 관악구,인천광역시 중구,강원도 양양군,전라남도 목포시,경기도 동두천시,대전광역시 유성구,경기도 이천시,충청남도 아산시,강원도 횡성군,충청북도 옥천군,서울특별시 관악구,경기도 부천시,강원도 원주시,경기도 광명시,서울특별시 은평구,경상북도 영덕군
경상북도 김천시,경상북도 영주시,경상남도 통영시,경기도 성남시 수정구,인천광역시 중구,강원도 평창군,강원도 고성군,경상남도 진주시,서울특별시 광진구,전라남도 여수시,경기도 성남시 분당구,세종특별자치시(시도 기준),충청남도 당진시,부산광역시 해운대구,경기도 수원시 장안구,부산광역시 해운대구,대전광역시 서구
경기도 안양시 동안구,전라남도 광양시,광주광역시 광산구,충청남도 공주시,서울특별시 성동구,서울특별시 강북구,충청남도 아산시,인천광역시 중구,경기도 파주시,인천광역시 서구,충청남도 천안시 동남구,세종특별자치시(구군 기준),대전광역시 중구,경기도 고양시 일산동구,부산광역시 금정구,대전광역시 서구,경상북도 성주군
충청북도 증평군,충청북도 충주시,광주광역시 북구,부산광역시 해운대구,경기도 이천시,충청남도 태안군,충청남도 당진시,경기도 광명시,서울특별시 구로구,서울특별시 동작구,전라남도 여수시,대전광역시 동구,부산광역시 기장군,서울특별시 강동구,강원도 원주시,경기도 성남시 수정구,서울특별시 관악구
서울특별시 노원구,대전광역시 서구,전라북도 정읍시,경기도 오산시,서울특별시 광진구,강원도 양양군,충청남도 천안시 서북구,경기도 수원시 영통구,경상북도 포항시 남구,경상북도 영주시,경상남도 창원시 성산구,부산광역시 금정구,인천광역시 중구,경기도 하남시,전라북도 전주시 덕진구,충청남도 천안시 동남구,경기도 성남시 분당구
서울특별시 강동구,강원도 삼척시,전라남도 순천시,경기도 구리시,대전광역시 서구,경기도 연천군,대전광역시 서구,경상남도 통영시,충청남도 논산시,전라북도 전주시 완산구,충청북도 청주시 흥덕구,부산광역시 북구,충청북도 청주시 흥덕구,경기도 안양시 동안구,경기도 구리시,경기도 고양시 일산서구,대전광역시 동구
경기도 광주시,충청남도 천안시 동남구,전라북도 임실군,전라북도 군산시,경기도 용인시 처인구,충청북도 음성군,경기도 안산시 상록구,강원도 강릉시,경기도 고양시 덕양구,경상북도 영덕군,경기도 용인시 처인구,부산광역시 영도구,경기도 시흥시,서울특별시 성동구,서울특별시 중랑구,경기도 용인시 수지구,강원도 강릉시
경기도 하남시,경상남도 산청군,경기도 시흥시,경기도 용인시 수지구,경상북도 문경시,충청남도 서산시,경상북도 경주시,서울특별시 성동구,인천광역시 중구,강원도 정선군,세종특별자치시(구군 기준),강원도 원주시,경상남도 김해시,전라북도 무주군,부산광역시 영도구,경기도 안양시 동안구,전라북도 전주시 완산구
경상북도 구미시,충청북도 청주시 흥덕구,경기도 하남시,전라남도 여수시,서울특별시 동작구,충청남도 공주시,세종특별자치시(구군 기준),전라남도 화순군,인천광역시 서구,서울특별시 성동구,세종특별자치시(시도 기준),경기도 성남시 분당구,부산광역시 부산진구,경기도 안양시 만안구,경상북도 포항시 남구,경기도 수원시 장안구,경상북도 상주시
경기도 용인시 수지구,서울특별시 광진구,서울특별시 구로구,강원도 횡성군,대전광역시 동구,울산광역시,세종특별자치시(시도 기준),인천광역시 서구,경기도 김포시,경기도 김포시,경상남도 사천시,충청북도 청주시 흥덕구,경기도 이천시,경기도 여주시,부산광역시 사하구,경상북도 포항시 북구,전라남도 목포시
대구광역시 수성구,경기도 성남시 분당구,광주광역시 서구,대전광역시 유성구,세종특별자치시(시도 기준),부산광역시 해운대구,충청남도 공주시,충청남도 홍성군,경상남도 창원시 의창구,충청남도 부여군,부산광역시 동래구,충청북도 영동군,경기도 남양주시,서울특별시 노원구,경기도 이천시,세종특별자치시(구군 기준),경상북도 영천시
경기도 여주시,충청북도 단양군,대구광역시 북구,서울특별시 중랑구,세종특별자치시(구군 기준),강원도 횡성군,충청남도 태안군,서울특별시 구로구,경기도 안산시 단원구,서울특별시 구로구,서울특별시 관악구,서울특별시 광진구,충청남도 서산시,광주광역시 광산구,충청남도 천안시 서북구,세종특별자치시(시도 기준),서울특별시 광진구
서울특별시 동대문구,충청남도 천안시 서북구,강원도 속초시,경상북도 경주시,전라북도 전주시 완산구,강원도 고성군,전라남도 여수시,경기도 고양시 덕양구,부산광역시 수영구,경기도 파주시,부산광역시 사하구,경기도 용인시 처인구,서울특별시 성북구,전라남도 목포시,서울특별시 강북구,서울특별시 양천구,충청남도 천안시 서북구
경기도 수원시 권선구,대전광역시 동구,경상북도 포항시 남구,충청남도 예산군,충청북도 충주시,대전광역시 유성구,전라북도 전주시 완산구,경기도 파주시,인천광역시 남동구,서울특별시 노원구,경기도 여주시,충청남도 천안시 서북구,서울특별시 동대문구,서울특별시 성북구,광주광역시 동구,경기도 안산시 상록구,경기도 용인시 처인구
인천광역시 연수구,대구광역시 서구,경기도 여주시,세종특별자치시(구군 기준),충청남도 천안시 동남구,충청남도 보령시,강원도 횡성군,충청북도 충주시,서울특별시 강동구,경상북도 포항시 북구,충청남도 천안시 서북구,부산광역시 사하구,서울특별시 구로구,충청북도 제천시,강원도 춘천시,경기도 광명시,경기도 안성시
경기도 파주시,경상북도 의성군,서울특별시 성북구,세종특별자치시(시도 기준),대구광역시 남구,세종특별자치시(구군 기준),경기도 오산시,경상남도 하동군,경기도 이천시,인천광역시 미추홀구,부산광역시 북구,전라북도 남원시,강원도 강릉시,서울특별시 동대문구,경기도 안산시 단원구,서울특별시 강북구,세종특별자치시(구군 기준)
인천광역시 서구,세종특별자치시(구군 기준),경기도 광주시,강원도 고성군,충청북도 청주시 흥덕구,세종특별자치시(시도 기준),대구광역시 동구,인천광역시 남동구,전라북도 김제시,경기도 고양시 덕양구,서울특별시 강서구,경기도 광명시,경기도 수원시 영통구,경기도 용인시 수지구,경상남도 거제시,충청남도 천안시 서북구,세종특별자치시(시도 기준)
부산광역시 동구,세종특별자치시(시도 기준),경기도 고양시 덕양구,충청북도 제천시,경기도 용인시 기흥구,충청북도 청주시 흥덕구,충청남도 서산시,서울특별시 강동구,부산광역시 중구,서울특별시 동대문구,경상남도 창원시 진해구,충청남도 아산시,충청남도 태안군,전라북도 부안군,강원도 강릉시,충청북도 청주시 흥덕구,대구광역시 서구
경기도 김포시,전라북도 군산시,대구광역시 수성구,충청북도 청주시 흥덕구,경기도 광명시,충청북도 제천시,부산광역시 동구,충청남도 예산군,서울특별시 노원구,인천광역시 연수구,부산광역시 사상구,서울특별시 성동구,경기도 고양시 덕양구,경기도 군포시,경상북도 경산시,서울특별시 도봉구,충청북도 충주시
강원도 춘천시,경기도 광명시,경기도 안산시 단원구,서울특별시 강북구,서울특별시 성북구,경상북도 경주시,강원도 인제군,서울특별시 성북구,인천광역시 부평구,전라북도 익산시,충청남도 아산시,부산광역시 동래구,인천광역시 서구,전라남도 순천시,경기도 성남시 수정구,경상북도 영덕군,충청북도 청주시 흥덕구
강원도 속초시,경기도 용인시 처인구,부산광역시 수영구,경기도 성남시 중원구,경상북도 군위군,대전광역시 서구,충청북도 청주시 흥덕구,충청북도 청주시 서원구,서울특별시 성동구,대구광역시 동구,대전광역시 중구,경상북도 영양군,경기도 안산시 단원구,경상북도 구미시,부산광역시 사상구,충청남도 아산시,충청남도 금산군
경기도 오산시,인천광역시 중구,강원도 평창군,충청북도 음성군,충청남도 천안시 서북구,전라남도 여수시,부산광역시 수영구,경기도 김포시,경기도 수원시 영통구,전라북도 전주시 덕진구,경기도 용인시 기흥구,서울특별시 강서구,인천광역시 연수구,서울특별시 금천구,부산광역시 동래구,전라남도 여수시,충청남도 아산시
전라북도 부안군,서울특별시 동작구,대구광역시 달서구,대전광역시 서구,서울특별시 동대문구,전라북도 군산시,전라북도 군산시,경기도 광주시,충청남도 태안군,인천광역시 부평구,경상남도 창원시 마산합포구,경상남도 산청군,경기도 수원시 팔달구,강원도 속초시,경상남도 양산시,대구광역시 동구,경상북도 문경시
강원도 평창군,강원도 원주시,전라남도 목포시,충청남도 홍성군,충청남도 아산시,강원도 인제군,충청남도 보령시,경기도 수원시 권선구,충청북도 청주시 흥덕구,서울특별시 성북구,경기도 안성시,부산광역시 서구,경기도 김포시,강원도 춘천시,경상남도 진주시,경상북도 포항시 남구,전라북도 군산시
경기도 고양시 일산동구,전라남도 목포시,강원도 춘천시,전라북도 전주시 완산구,경기도 부천시,강원도 철원군,부산광역시 부산진구,인천광역시 미추홀구,인천광역시 미추홀구,경기도 수원시 장안구,경기도 남양주시,경상남도 고성군,경기도 파주시,강원도 평창군,경상북도 포항시 북구,경기도 성남시 중원구,경기도 용인시 기흥구
경상남도 거제시,경기도 용인시 기흥구,경기도 파주시,경기도 연천군,서울특별시 구로구,전라북도 전주시 완산구,충청북도 제천시,서울특별시 노원구,대전광역시 중구,경기도 고양시 일산동구,경기도 부천시,인천광역시 중구,대전광역시 동구,경기도 가평군,경기도 안성시,충청북도 청주시 청원구,서울특별시 동작구
전라남도 목포시,서울특별시 성동구,서울특별시 동대문구,서울특별시 도봉구,광주광역시 서구,충청북도 진천군,전라북도 전주시 덕진구,경기도 고양시 일산동구,인천광역시 연수구,경기도 구리시,경기도 광주시,경기도 용인시 기흥구,서울특별시 강동구,전라북도 고창군,서울특별시 금천구,경기도 오산시,전라북도 전주시 덕진구
경상북도 포항시 북구,전라북도 전주시 완산구,서울특별시 노원구,강원도 인제군,경기도 수원시 영통구,충청북도 청주시 청원구,경기도 동두천시,충청북도 음성군,서울특별시 성북구,경기도 안산시 상록구,강원도 정선군,대전광역시 중구,서울특별시 노원구,경기도 의정부시,인천광역시 계양구,대전광역시 동구,광주광역시 북구
대구광역시 북구,서울특별시 성북구,대구광역시 중구,부산광역시 강서구,경기도 수원시 팔달구,충청남도 예산군,광주광역시 광산구,충청북도 청주시 청원구,경기도 광주시,경기도 의정부시,서울특별시 동대문구,충청북도 제천시,대구광역시 동구,서울특별시 양천구,서울특별시 도봉구,경기도 안양시 만안구,인천광역시 중구
전라남도 순천시,충청남도 당진시,서울특별시 강동구,전라북도 익산시,경기도 남양주시,인천광역시 옹진군,충청북도 음성군,인천광역시 부평구,경기도 수원시 팔달구,강원도 양양군,부산광역시 영도구,서울특별시 동작구,충청남도 서천군,광주광역시 북구,경기도 양평군,인천광역시 계양구,광주광역시 광산구
인천광역시 남동구,강원도 동해시,경기도 수원시 권선구,전라남도 목포시,경기도 고양시 덕양구,전라북도 익산시,대구광역시 수성구,서울특별시 동대문구,서울특별시 동대문구,경상북도 포항시 남구,서울특별시 동작구,부산광역시 사상구,경기도 광주시,서울특별시 은평구,전라남도 신안군,충청남도 당진시,경상북도 울진군
대구광역시 달서구,경상남도 함양군,경기도 오산시,광주광역시 광산구,강원도 원주시,대구광역시 동구,대전광역시 동구,경상남도 김해시,울산광역시 울주군,경기도 광명시,경기도 파주시,경기도 여주시,경기도 하남시,대구광역시 동구,충청북도 청주시 상당구,서울특별시 금천구,경기도 부천시
