蜡涝瘤开疙,蜡免瘤开疙,蜡涝蜡免 厚啦,蜡涝/蜡免 备盒 内靛 (1:蜡涝 / 2:蜡免)
措傈堡开矫 悼备 , 面没合档 苛玫焙,23.4,1
措傈堡开矫 措傣备 , 面没合档 苛玫焙,10.6,1
措傈堡开矫 辑备 , 面没合档 苛玫焙,9.8,1
措傈堡开矫 吝备 , 面没合档 苛玫焙,8.4,1
措傈堡开矫 蜡己备 , 面没合档 苛玫焙,8.2,1
面没合档 康悼焙 , 面没合档 苛玫焙,6.6,1
面没合档 焊篮焙 , 面没合档 苛玫焙,4.5,1
面没巢档 陛魂焙 , 面没合档 苛玫焙,3.3,1
技辆漂喊磊摹矫  , 面没合档 苛玫焙,2.7,1
面没合档 没林矫 辑盔备 , 面没合档 苛玫焙,2.5,1
面没合档 没林矫 蕊傣备 , 面没合档 苛玫焙,2.3,1
面没合档 没林矫 惑寸备 , 面没合档 苛玫焙,2.3,1
面没合档 没林矫 没盔备 , 面没合档 苛玫焙,1.0,1
版惑合档 辫玫矫 , 面没合档 苛玫焙,0.9,1
面没巢档 玫救矫 悼巢备 , 面没合档 苛玫焙,0.9,1
面没巢档 玫救矫 辑合备 , 面没合档 苛玫焙,0.8,1
面没巢档 傍林矫 , 面没合档 苛玫焙,0.6,1
傈扼合档 公林焙 , 面没合档 苛玫焙,0.5,1
版惑合档 惑林矫 , 面没合档 苛玫焙,0.5,1
版惑合档 备固矫 , 面没合档 苛玫焙,0.5,1
 面没合档 苛玫焙,措傈堡开矫 悼备,16.5,2
 面没合档 苛玫焙,措傈堡开矫 蜡己备,12.3,2
 面没合档 苛玫焙,措傈堡开矫 吝备,9.4,2
 面没合档 苛玫焙,措傈堡开矫 辑备,8.2,2
 面没合档 苛玫焙,面没合档 康悼焙,7.2,2
 面没合档 苛玫焙,措傈堡开矫 措傣备,5.8,2
 面没合档 苛玫焙,面没合档 焊篮焙,5.4,2
 面没合档 苛玫焙,面没巢档 陛魂焙,4.2,2
 面没合档 苛玫焙,技辆漂喊磊摹矫 ,2.4,2
 面没合档 苛玫焙,版惑合档 辫玫矫,2.2,2
 面没合档 苛玫焙,面没合档 没林矫 辑盔备,1.4,2
 面没合档 苛玫焙,面没合档 没林矫 蕊傣备,1.4,2
 面没合档 苛玫焙,面没巢档 傍林矫,1.3,2
 面没合档 苛玫焙,面没合档 没林矫 惑寸备,1.3,2
 面没合档 苛玫焙,版惑合档 备固矫,1.1,2
 面没合档 苛玫焙,面没合档 没林矫 没盔备,1.0,2
 面没合档 苛玫焙,面没巢档 稠魂矫,0.7,2
 面没合档 苛玫焙,版惑合档 版林矫,0.7,2
 面没合档 苛玫焙,版惑合档 惑林矫,0.5,2
 面没合档 苛玫焙,面没巢档 焊飞矫,0.5,2
